Title,???,Topic,???,Content,???,Course,???,Order,***
HTML Elements,???,HTML,???,"<h2>Video</h2>
<video class=""course-video"" controls=""controls"" width=""300"" height=""150"">
<source src=""https://mltcwebdev.s3-eu-west-1.amazonaws.com/web-dev-1/WD1_03_HTML_elements1.mov"" type=""video/quicktime"" />
<source src=""https://mltcwebdev.s3-eu-west-1.amazonaws.com/web-dev-1/WD1_03_HTML_elements1.mp4"" type=""video/mp4"" />
</video>
<h2>Presentation</h2>
<iframe src=""https://docs.google.com/presentation/d/e/2PACX-1vSDs3eYyT8-Bsu8y1WhWuBrncAfEOZ7WEbNSfK_XhFapOWmXTfi-PFbncVQYx1YQIAw4Ku35VkwtpEO/embed?start=false"" width=""600"" height=""360"" frameborder=""0"" allowfullscreen=""allowfullscreen""></iframe>
<h2>Your task</h2>
Review the tags we used in this video and add some content to your website. Add headings, paragraphs and lists. Don't forget to play also with &lt;br&gt; and &lt;hr&gt; tags.
<h2>Additional readings</h2>
Read more about <a href=""https://developer.mozilla.org/en-US/docs/Web/HTML/Element/Heading_Elements"" target=""_blank"" rel=""noopener noreferrer"">how to use headings</a>.
<h2>Questions?</h2>
Ask on <a href=""https://app.slack.com/client/TP3DU1WRZ/G01CZERLTAT"" target=""_blank"" rel=""noopener noreferrer"">Slack</a> or write your question down here:

<iframe src=""https://docs.google.com/forms/d/e/1FAIpQLSevsd8ewW3D4lVjL6oD7RXhAN9gLxGZGmGWJSkjKQdEdp6K9Q/viewform?embedded=true"" width=""640"" height=""716"" frameborder=""0"" marginwidth=""0"" marginheight=""0"">Loading…</iframe>",???,web,???,4,***
Images,???,HTML,???,"<h2>Video</h2>
<video class=""course-video"" controls=""controls"" width=""300"" height=""150"">
<source src=""https://mltcwebdev.s3-eu-west-1.amazonaws.com/web-dev-1/WD1_04_HTML_Images.mov"" type=""video/quicktime"" />
<source src=""https://mltcwebdev.s3-eu-west-1.amazonaws.com/web-dev-1/WD1_04_HTML_Images.mp4"" type=""video/mp4"" />
</video>
<h2>Presentation</h2>
<iframe src=""https://docs.google.com/presentation/d/e/2PACX-1vTsu6PBqip6g8KyIOVltf40IJZshNVaqXK8q2z1xlrMZmOnDB5psh8Zl8LQ6HKwDUvHNr48pttUslJB/embed?start=false"" width=""600"" height=""360"" frameborder=""0"" allowfullscreen=""allowfullscreen""></iframe>
<h2>Your tasks</h2>
<h3>1. Add folder images to your root folder</h3>
Place one image from your computer to your ‘images’ folder, so that you can add it to the website later.
<h3>2. Add two images to your image folder</h3>
<ul>
 	<li>One from the internet, you can use this one: <a href=""https://mltcwebdev.s3-eu-west-1.amazonaws.com/web-dev-1/cat.JPG"">https://mltcwebdev.s3-eu-west-1.amazonaws.com/web-dev-1/cat.JPG</a></li>
 	<li>One from your computer</li>
</ul>
<h2>Questions?</h2>
Ask on <a href=""https://app.slack.com/client/TP3DU1WRZ/G01CZERLTAT"" target=""_blank"" rel=""noopener noreferrer"">Slack</a> or write your question down here:

<iframe src=""https://docs.google.com/forms/d/e/1FAIpQLSevsd8ewW3D4lVjL6oD7RXhAN9gLxGZGmGWJSkjKQdEdp6K9Q/viewform?embedded=true"" width=""640"" height=""716"" frameborder=""0"" marginwidth=""0"" marginheight=""0"">Loading…</iframe>",???,web,???,5,***
Links,???,HTML,???,"<h2>Video</h2>
<video class=""course-video"" controls=""controls"" width=""300"" height=""150"">
<source src=""https://mltcwebdev.s3-eu-west-1.amazonaws.com/web-dev-1/WD1_05_HTML_Links.mov"" type=""video/quicktime"" />
<source src=""https://mltcwebdev.s3-eu-west-1.amazonaws.com/web-dev-1/WD1_05_HTML_Links.mp4"" type=""video/mp4"" />
</video>
<h2>Presentation</h2>
<iframe src=""https://docs.google.com/presentation/d/e/2PACX-1vSe3myN3StjTMdITwmaUwAXeSGFCKGb8ubOCJuXniROrIWIOE5DAZACbfYZC1Gb6GpkraZsomKCRotS/embed?start=false"" width=""600"" height=""360"" frameborder=""0"" allowfullscreen=""allowfullscreen""></iframe>
<h2>Your task</h2>
Add two links:
<ul>
 	<li>One will open in the same window and one in the new window.</li>
 	<li>One link should be a text and the other one an image.</li>
</ul>
<h2>Additional readings</h2>
Read more about <a href=""https://developer.mozilla.org/en-US/docs/Web/HTML/Element/Heading_Elements"" target=""_blank"" rel=""noopener noreferrer"">how to use headings</a>.
<h2>Questions?</h2>
Ask on <a href=""https://app.slack.com/client/TP3DU1WRZ/G01CZERLTAT"" target=""_blank"" rel=""noopener noreferrer"">Slack</a> or write your question down here:

<iframe src=""https://docs.google.com/forms/d/e/1FAIpQLSevsd8ewW3D4lVjL6oD7RXhAN9gLxGZGmGWJSkjKQdEdp6K9Q/viewform?embedded=true"" width=""640"" height=""716"" frameborder=""0"" marginwidth=""0"" marginheight=""0"">Loading…</iframe>",???,web,???,6,***
Q&A 1,???,Q&A ,???,"<video class=""course-video"" controls=""controls"" width=""300"" height=""150""><span style=""display: inline-block; width: 0px; overflow: hidden; line-height: 0;"" data-mce-type=""bookmark"" class=""mce_SELRES_start"">﻿</span>&lt; source src=""https://mltcwebdev.s3-eu-west-1.amazonaws.com/web-dev-1/QandA-10-Nov-2020.mp4"" type=""video/mp4"" /&gt;<source src=""https://mltcwebdev.s3-eu-west-1.amazonaws.com/web-dev-1/QandA-10-Nov-2020.webm"" type=""video/webm"" /> <span style=""display: inline-block; width: 0px; overflow: hidden; line-height: 0;"" data-mce-type=""bookmark"" class=""mce_SELRES_start"">﻿</span>
</video>

Here are some resources I mentioned in the video:
<h2>Firefox as a browser</h2>
<a href=""https://itsfoss.com/why-firefox/"" target=""_blank"" rel=""noopener noreferrer"">Why Firefox?</a>

It's actually an open-source project, you can see most of the code here: <a href=""https://github.com/mozilla"" target=""_blank"" rel=""noopener noreferrer"">https://github.com/mozilla</a>
<h2>Spacing lines between code</h2>
You can also have a look at code examples in <a href=""https://developer.mozilla.org/en-US/docs/Learn/HTML/Introduction_to_HTML/Document_and_website_structure"" target=""_blank"" rel=""noopener noreferrer"">this article</a> from MDN Web Docs. You see that they use more empty lines around comments in the first example. In the second example, there are no empty lines. So it really boils down to readability. And main concern is to maintain correct indentation.
<h2>How to turn off autocompletion and selection in Visual Studio Code</h2>
You go to <em>Code/Preferences/Settings/Text editor/Suggestions/Edit settings.json</em>

and you add these lines before the ending }
<blockquote>""editor.quickSuggestions"": false,
""editor.suggestOnTriggerCharacters"": false,
""editor.wordBasedSuggestions"": false,
""editor.parameterHints.enabled"": false</blockquote>
Here's the <a href=""https://code.visualstudio.com/Docs/languages/html"" target=""_blank"" rel=""noopener noreferrer"">Visual Studio Code documentation</a>.
<h2>What's xhtml?</h2>
<a href=""https://www.w3schools.com/tags/att_html_xmlns.asp"" target=""_blank"" rel=""noopener noreferrer"">https://www.w3schools.com/tags/att_html_xmlns.asp</a>

<a href=""https://www.w3schools.com/html/html_xhtml.asp"" target=""_blank"" rel=""noopener noreferrer"">https://www.w3schools.com/html/html_xhtml.asp</a>

<a href=""https://www.w3schools.com/xml/xml_whatis.asp"" target=""_blank"" rel=""noopener noreferrer"">https://www.w3schools.com/xml/xml_whatis.asp</a>",???,web,???,7,***
CSS,???,CSS,???,"<h2>Video</h2>
<video class=""course-video"" controls=""controls"" width=""300"" height=""150"">
<source src=""https://mltcwebdev.s3-eu-west-1.amazonaws.com/web-dev-1/WD1_06_CSS.mov"" type=""video/quicktime"" />
<source src=""https://mltcwebdev.s3-eu-west-1.amazonaws.com/web-dev-1/WD1_06_CSS.mp4"" type=""video/mp4"" />
</video>
<h2>Presentation</h2>
<iframe src=""https://docs.google.com/presentation/d/e/2PACX-1vQ9uVMsFdFaD8vn54jU4ymPSksnCAVVF4RAa-vFGHuUdJnU5fr1FAr8JHboTZIdEuxMM8U12AvbuiB0/embed?start=false"" width=""600"" height=""360"" frameborder=""0"" allowfullscreen=""allowfullscreen""></iframe>
<h2>Your tasks</h2>
<h3>1. Create a folder 'css' with the file inside called 'styles.css'</h3>
<h3>2. Play with the code pen and try various CSS properties which style text:</h3>
https://www.w3schools.com/css/css_text.asp
<h3>3. Add styles to your first website.</h3>
Use:
<ul>
 	<li>Element selector</li>
 	<li>Class selector</li>
 	<li>Id selector</li>
</ul>
<h2>Additional readings</h2>
Here are short articles about:
<ul>
 	<li><a href=""https://www.w3schools.com/css/css_syntax.asp"" target=""_blank"" rel=""noopener noreferrer"">CSS syntax</a></li>
 	<li><a href=""https://www.w3schools.com/css/css_selectors.asp"" target=""_blank"" rel=""noopener noreferrer"">CSS selectors</a></li>
 	<li><a href=""https://www.w3schools.com/css/css_text.asp"" target=""_blank"" rel=""noopener noreferrer"">CSS text formatting</a></li>
</ul>
<h2>Questions?</h2>
Ask on <a href=""https://app.slack.com/client/TP3DU1WRZ/G01CZERLTAT"" target=""_blank"" rel=""noopener noreferrer"">Slack</a> or write your question down here:

<iframe src=""https://docs.google.com/forms/d/e/1FAIpQLSevsd8ewW3D4lVjL6oD7RXhAN9gLxGZGmGWJSkjKQdEdp6K9Q/viewform?embedded=true"" width=""640"" height=""716"" frameborder=""0"" marginwidth=""0"" marginheight=""0"">Loading…</iframe>",???,web,???,8,***
Box model,???,CSS,???,"<h2>Video</h2>
<video class=""course-video"" controls=""controls"" width=""300"" height=""150"">
<source src=""https://mltcwebdev.s3-eu-west-1.amazonaws.com/web-dev-1/WD1_07_Box_model.mov"" type=""video/quicktime"" />
<span style=""display: inline-block; width: 0px; overflow: hidden; line-height: 0;"" data-mce-type=""bookmark"" class=""mce_SELRES_start"">﻿</span><source src=""https://mltcwebdev.s3-eu-west-1.amazonaws.com/web-dev-1/WD1_07_Box_model.mp4"" type=""video/mp4"" /><span style=""display: inline-block; width: 0px; overflow: hidden; line-height: 0;"" data-mce-type=""bookmark"" class=""mce_SELRES_end"">﻿</span>
</video>
<h2>Presentation</h2>
<iframe src=""https://docs.google.com/presentation/d/e/2PACX-1vR0Pt3jcnWiSXeTdud5VxkSQdI089_vrJR1W5_3Ejh77IrnrPKsO2kkS4EgnczcRxyu9PJRgKgSoaez/embed?start=false"" width=""600"" height=""360"" frameborder=""0"" allowfullscreen=""allowfullscreen""></iframe>
<h2>Your task</h2>
Go to your <a href=""https://codepen.io"" target=""_blank"" rel=""noopener noreferrer"">Codepen</a> and set different values to margin and padding.
<h2>Tools</h2>
Here's the <a href=""https://codepen.io/hhar/pen/bGeQzaJ"" target=""_blank"" rel=""noopener noreferrer"">codepen from the video</a>.
<h2>Additional readings</h2>
Here are short articles about:
<ul>
 	<li><a href=""https://www.w3schools.com/css/css_boxmodel.asp"" target=""_blank"" rel=""noopener noreferrer"">Box model</a></li>
 	<li><a href=""https://www.w3schools.com/css/css3_box-sizing.asp"" target=""_blank"" rel=""noopener noreferrer"">Box sizing</a></li>
</ul>
<h2>Questions?</h2>
Ask on <a href=""https://app.slack.com/client/TP3DU1WRZ/G01CZERLTAT"" target=""_blank"" rel=""noopener noreferrer"">Slack</a> or write your question down here:

<iframe src=""https://docs.google.com/forms/d/e/1FAIpQLSevsd8ewW3D4lVjL6oD7RXhAN9gLxGZGmGWJSkjKQdEdp6K9Q/viewform?embedded=true"" width=""640"" height=""716"" frameborder=""0"" marginwidth=""0"" marginheight=""0"">Loading…</iframe>",???,web,???,9,***
Border,???,CSS,???,"<h2>Video</h2>
<video class=""course-video"" controls=""controls"" width=""300"" height=""150"">
<source src=""https://mltcwebdev.s3-eu-west-1.amazonaws.com/web-dev-1/WD1_08_Border.mov"" type=""video/quicktime"" />
<span style=""display: inline-block; width: 0px; overflow: hidden; line-height: 0;"" data-mce-type=""bookmark"" class=""mce_SELRES_start"">﻿</span><source src=""https://mltcwebdev.s3-eu-west-1.amazonaws.com/web-dev-1/WD1_08_Border.mp4"" type=""video/mp4"" /><span style=""display: inline-block; width: 0px; overflow: hidden; line-height: 0;"" data-mce-type=""bookmark"" class=""mce_SELRES_end"">﻿</span>
</video>
<h2>Presentation</h2>
<iframe src=""https://docs.google.com/presentation/d/e/2PACX-1vS2vrh0JyxWUSlbMh_qdF2r0kh1RfU4MmoO0LxsGCQuzRXfxCgHPyqEYBGcFgmwn064Gr2SGIPEy1Xf/embed?start=false"" width=""600"" height=""360"" frameborder=""0"" allowfullscreen=""allowfullscreen""></iframe>
<h2>Your task</h2>
Go to your <a href=""https://codepen.io"" target=""_blank"" rel=""noopener noreferrer"">Codepen</a> and add three different styles of the border to your divs.
<h2>Tools</h2>
Here's the <a href=""https://codepen.io/hhar/pen/bGeQzaJ"" target=""_blank"" rel=""noopener noreferrer"">codepen from the video</a>.
<h2>Additional readings</h2>
<a href=""https://www.w3schools.com/css/css_border_rounded.asp"" target=""_blank"" rel=""noopener noreferrer"">Rounded border and all border properties</a>
<h2>Questions?</h2>
Ask on <a href=""https://app.slack.com/client/TP3DU1WRZ/G01CZERLTAT"" target=""_blank"" rel=""noopener noreferrer"">Slack</a> or write your question down here:

<iframe src=""https://docs.google.com/forms/d/e/1FAIpQLSevsd8ewW3D4lVjL6oD7RXhAN9gLxGZGmGWJSkjKQdEdp6K9Q/viewform?embedded=true"" width=""640"" height=""716"" frameborder=""0"" marginwidth=""0"" marginheight=""0"">Loading…</iframe>",???,web,???,10,***
Units,???,CSS,???,"<h2>Video</h2>
<video class=""course-video"" controls=""controls"" width=""300"" height=""150""><span style=""display: inline-block; width: 0px; overflow: hidden; line-height: 0;"" data-mce-type=""bookmark"" class=""mce_SELRES_start"">﻿</span>
<source src=""https://mltcwebdev.s3-eu-west-1.amazonaws.com/web-dev-1/WD1_09_Unit_Sizes.mov"" type=""video/quicktime"" />
<source src=""https://mltcwebdev.s3-eu-west-1.amazonaws.com/web-dev-1/WD1_09_Unit_Sizes.mp4"" type=""video/mp4"" />
</video>
<h2>Presentation</h2>
<iframe src=""https://docs.google.com/presentation/d/e/2PACX-1vQZ3fwUXXWs7lXt9KGIY6NRdBOyEuXvkOmAYfh_j7I0oTgCGT2E-ptn_kdwJx_jC53R_LvIJV_LrORg/embed?start=false"" width=""600"" height=""360"" frameborder=""0"" allowfullscreen=""allowfullscreen""></iframe>
<h2>Your task</h2>
Open the codepen and change the sizes of fonts and divs.
<ul>
 	<li>Fonts:<a href=""https://codepen.io/hhar/pen/MMmxRB"" target=""_blank"" rel=""noopener noreferrer"">https://codepen.io/hhar/pen/MMmxRB</a></li>
 	<li>Divs: <a href=""https://codepen.io/hhar/pen/zYBbmQG"" target=""_blank"" rel=""noopener noreferrer"">https://codepen.io/hhar/pen/zYBbmQG</a></li>
 	<li>Hero: <a href=""https://codepen.io/hhar/pen/xxZBWvM"" target=""_blank"" rel=""noopener noreferrer"">https://codepen.io/hhar/pen/xxZBWvM</a></li>
</ul>
<h2>Additional readings</h2>
Size units can be complicated, if you'd like to read more, here are some resources:
<ul>
 	<li><a href=""https://developer.mozilla.org/en-US/docs/Learn/CSS/Building_blocks/Values_and_units#Relative_length_units"" target=""_blank"" rel=""noopener noreferrer"">MDN on relative units</a></li>
 	<li><a href=""https://webdesign.tutsplus.com/tutorials/comprehensive-guide-when-to-use-em-vs-rem--cms-23984"" target=""_blank"" rel=""noopener noreferrer"">Guide on units</a></li>
</ul>
Just remember, don't go down the rabbit hole. With the time you'll get it :)
<h2>Questions?</h2>
Ask on <a href=""https://app.slack.com/client/TP3DU1WRZ/G01CZERLTAT"" target=""_blank"" rel=""noopener noreferrer"">Slack</a> or write your question down here:

<iframe src=""https://docs.google.com/forms/d/e/1FAIpQLSevsd8ewW3D4lVjL6oD7RXhAN9gLxGZGmGWJSkjKQdEdp6K9Q/viewform?embedded=true"" width=""640"" height=""716"" frameborder=""0"" marginwidth=""0"" marginheight=""0"">Loading…</iframe>",???,web,???,11,***
Google Fonts,???,"Adding fonts, icons and favicon",???,"<h2>Video</h2>
<video class=""course-video"" controls=""controls"" width=""300"" height=""150""><span style=""display: inline-block; width: 0px; overflow: hidden; line-height: 0;"" data-mce-type=""bookmark"" class=""mce_SELRES_start"">﻿</span>
<source src=""https://mltcwebdev.s3-eu-west-1.amazonaws.com/web-dev-1/WD1_10_Google_Fonts.mov"" type=""video/quicktime"" />
<source src=""https://mltcwebdev.s3-eu-west-1.amazonaws.com/web-dev-1/WD1_10_Google_Fonts.mp4"" type=""video/mp4"" />
</video>
<h2>Presentation</h2>
<iframe src=""https://docs.google.com/presentation/d/e/2PACX-1vTf7U_uPc1a2XXvbaG_lgiEtxl0n32ToBeZ1C4VgFgJa_geuZsuJe-YkFjYoruQKksTU9Y4t0oOcSRm/embed?start=false"" width=""600"" height=""360"" frameborder=""0"" allowfullscreen=""allowfullscreen""><span style=""display: inline-block; width: 0px; overflow: hidden; line-height: 0;"" data-mce-type=""bookmark"" class=""mce_SELRES_start"">﻿</span></iframe>
<h2>Your task</h2>
Select two fonts which you’d like to use on your website from <a href=""https://fonts.google.com/"" target=""_blank"" rel=""noopener noreferrer"">Google Fonts</a> (they're free for personal and commercial use).
<h2>Questions?</h2>
Ask on <a href=""https://app.slack.com/client/TP3DU1WRZ/G01CZERLTAT"" target=""_blank"" rel=""noopener noreferrer"">Slack</a> or write your question down here:

<iframe src=""https://docs.google.com/forms/d/e/1FAIpQLSevsd8ewW3D4lVjL6oD7RXhAN9gLxGZGmGWJSkjKQdEdp6K9Q/viewform?embedded=true"" width=""640"" height=""716"" frameborder=""0"" marginwidth=""0"" marginheight=""0"">Loading…</iframe>",???,web,???,12,***
Font Awesome,???,"Adding fonts, icons and favicon",???,"<h2>Video</h2>
<video class=""course-video"" controls=""controls"" width=""300"" height=""150""><span style=""display: inline-block; width: 0px; overflow: hidden; line-height: 0;"" data-mce-type=""bookmark"" class=""mce_SELRES_start"">﻿</span>
<source src=""https://mltcwebdev.s3-eu-west-1.amazonaws.com/web-dev-1/WD1_11_Font_Awesome.mov"" type=""video/quicktime"" />
<source src=""https://mltcwebdev.s3-eu-west-1.amazonaws.com/web-dev-1/WD1_11_Font_Awesome.mp4"" type=""video/mp4"" />
</video>
<h2>Presentation</h2>
<iframe src=""https://docs.google.com/presentation/d/e/2PACX-1vRQI7pYFdUsMseAoYd5DW8UmmYMVXeaVVmtAeCCYACjosSv4bEH5JivWlDopk6qfJ0wRSDKHWvzLIXm/embed?start=false"" width=""600"" height=""360"" frameborder=""0"" allowfullscreen=""allowfullscreen""></iframe>
<h2>Code snippet to add</h2>
Add this code snippet before &lt;/body&gt; tag:

&lt;script src=""https://kit.fontawesome.com/fc08c5bc44.js"" crossorigin=""anonymous""&gt;&lt;/script&gt;
<h2>Your tasks</h2>
<h3>1. Go ahead and place three icons on your website.</h3>
<ul>
 	<li><a href=""https://fontawesome.com/icons"" target=""_blank"" rel=""noopener noreferrer"">https://fontawesome.com/icons</a></li>
</ul>
<h3>2. ...what’s your favourite icon? Tell us on <a href=""https://app.slack.com/client/TP3DU1WRZ/G01CZERLTAT"" target=""_blank"" rel=""noopener noreferrer"">Slack</a> ;-)</h3>
<h2>Questions?</h2>
Ask on <a href=""https://app.slack.com/client/TP3DU1WRZ/G01CZERLTAT"" target=""_blank"" rel=""noopener noreferrer"">Slack</a> or write your question down here:

<iframe src=""https://docs.google.com/forms/d/e/1FAIpQLSevsd8ewW3D4lVjL6oD7RXhAN9gLxGZGmGWJSkjKQdEdp6K9Q/viewform?embedded=true"" width=""640"" height=""716"" frameborder=""0"" marginwidth=""0"" marginheight=""0"">Loading…</iframe>",???,web,???,13,***
Favicon,???,"Adding fonts, icons and favicon",???,"<h2>Video</h2>
<video class=""course-video"" controls=""controls"" width=""300"" height=""150""><span style=""display: inline-block; width: 0px; overflow: hidden; line-height: 0;"" data-mce-type=""bookmark"" class=""mce_SELRES_start"">﻿</span>
<source src=""https://mltcwebdev.s3-eu-west-1.amazonaws.com/web-dev-1/WD1_12_Favicon.mov"" type=""video/quicktime"" />
<source src=""https://mltcwebdev.s3-eu-west-1.amazonaws.com/web-dev-1/WD1_12_Favicon.mp4"" type=""video/mp4"" />
</video>
<h2>Presentation</h2>
<iframe src=""https://docs.google.com/presentation/d/e/2PACX-1vTuRLPdrnPviDEcWmEwVMAk6-h9Fnxbyuglu4g_3VgKxIKg1YpPMtaap05XueIFLuEUBtqtyyXOUT5b/embed?start=false&amp;loop=false&amp;delayms=3000"" width=""600"" height=""360"" frameborder=""0"" allowfullscreen=""allowfullscreen""><span style=""display: inline-block; width: 0px; overflow: hidden; line-height: 0;"" data-mce-type=""bookmark"" class=""mce_SELRES_start"">﻿</span></iframe>
<h2>Your task</h2>
<h2>1. Add a favicon to your website.</h2>
<ul>
 	<li><a href=""https://www.favicon.cc"" target=""_blank"" rel=""noopener noreferrer"">https://www.favicon.cc</a></li>
 	<li><a href=""https://favicon.io"" target=""_blank"" rel=""noopener noreferrer"">https://favicon.io</a></li>
</ul>
<h2>2. ...share your favourites favicons on <a href=""https://app.slack.com/client/TP3DU1WRZ/G01CZERLTAT"" target=""_blank"" rel=""noopener noreferrer"">Slack</a> ;-)</h2>
<h2>Questions?</h2>
Ask on <a href=""https://app.slack.com/client/TP3DU1WRZ/G01CZERLTAT"" target=""_blank"" rel=""noopener noreferrer"">Slack</a> or write your question down here:

<iframe src=""https://docs.google.com/forms/d/e/1FAIpQLSevsd8ewW3D4lVjL6oD7RXhAN9gLxGZGmGWJSkjKQdEdp6K9Q/viewform?embedded=true"" width=""640"" height=""716"" frameborder=""0"" marginwidth=""0"" marginheight=""0"">Loading…</iframe>",???,web,???,14,***
Your personal website - walk through,???,Let's build your personal website ,???,"<h2>Video</h2>
<video class=""course-video"" controls=""controls"" width=""300"" height=""150"">
<source src=""https://mltcwebdev.s3-eu-west-1.amazonaws.com/web-dev-1/WD1_13_Personal_website_walk_through.mov"" type=""video/quicktime"" />
<span style=""display: inline-block; width: 0px; overflow: hidden; line-height: 0;"" data-mce-type=""bookmark"" class=""mce_SELRES_start"">﻿</span><source src=""https://mltcwebdev.s3-eu-west-1.amazonaws.com/web-dev-1/WD1_13_Personal_website_walk_through.mp4"" type=""video/mp4"" /><span style=""display: inline-block; width: 0px; overflow: hidden; line-height: 0;"" data-mce-type=""bookmark"" class=""mce_SELRES_end"">﻿</span>
</video>
<h2>Link to the website:</h2>
<a href=""https://hharen.github.io/mltc_webdev_course/"" target=""_blank"" rel=""noopener noreferrer"">https://hharen.github.io/mltc_webdev_course/</a>
<h2>Your tasks</h2>
1. Have a look at the website. Think about how is it structured. What sections will you use? What elements?

2. Make a sketch of the website, pen and paper version is good enough.

3. Try to recreate the website yourself, start with the easy things.

4. You can start to prepare your content, but remember not to get stuck with it, the goal here is to practice HTML and CSS elements, not to make all the content perfect ;)

&nbsp;

Enjoy and have fun. We'll go through the website building process in the next videos but I really encourage you to try by yourselves. If you'd get stuck, drop a question in our <a href=""https://app.slack.com/client/TP3DU1WRZ/G01CZERLTAT"" target=""_blank"" rel=""noopener noreferrer"">Slack</a> channel.
<h2>Questions?</h2>
Ask on <a href=""https://app.slack.com/client/TP3DU1WRZ/G01CZERLTAT"" target=""_blank"" rel=""noopener noreferrer"">Slack</a> or write your question down here:

<iframe src=""https://docs.google.com/forms/d/e/1FAIpQLSevsd8ewW3D4lVjL6oD7RXhAN9gLxGZGmGWJSkjKQdEdp6K9Q/viewform?embedded=true"" width=""640"" height=""716"" frameborder=""0"" marginwidth=""0"" marginheight=""0"">Loading…</iframe>",???,web,???,15,***
Adding HTML structure,???,Let's build your personal website ,???,"<h2>Link to the website:</h2>
<a href=""https://hharen.github.io/mltc_webdev_course/"" target=""_blank"" rel=""noopener noreferrer"">https://hharen.github.io/mltc_webdev_course/</a>
<h2>Your tasks</h2>
1. Create a new folder for your website with the HTML file. Use the HTML5 boilerplate and change the title.

2. Add the sections and content into the body tag. For now, you can leave out the header part with menu and hero image, use just h1 tag.

3. Add the picture.
<h2>Video</h2>
<video class=""course-video"" controls=""controls"" width=""300"" height=""150"">
<source src=""https://mltcwebdev.s3-eu-west-1.amazonaws.com/web-dev-1/WD1_14_Adding_HTML_Structure.mov"" type=""video/quicktime"" />
<span style=""display: inline-block; width: 0px; overflow: hidden; line-height: 0;"" data-mce-type=""bookmark"" class=""mce_SELRES_start"">﻿</span><source src=""https://mltcwebdev.s3-eu-west-1.amazonaws.com/web-dev-1/WD1_14_Adding_HTML_Structure.mp4"" type=""video/mp4"" /><span style=""display: inline-block; width: 0px; overflow: hidden; line-height: 0;"" data-mce-type=""bookmark"" class=""mce_SELRES_end"">﻿</span>
</video>

&nbsp;

Enjoy and have fun. We'll go through the website building process in the next videos but I really encourage you to try by yourselves. If you'd get stuck, drop a question in our <a href=""https://app.slack.com/client/TP3DU1WRZ/G01CZERLTAT"" target=""_blank"" rel=""noopener noreferrer"">Slack</a> channel.
<h2>Questions?</h2>
Ask on <a href=""https://app.slack.com/client/TP3DU1WRZ/G01CZERLTAT"" target=""_blank"" rel=""noopener noreferrer"">Slack</a> or write your question down here:

<iframe src=""https://docs.google.com/forms/d/e/1FAIpQLSevsd8ewW3D4lVjL6oD7RXhAN9gLxGZGmGWJSkjKQdEdp6K9Q/viewform?embedded=true"" width=""640"" height=""716"" frameborder=""0"" marginwidth=""0"" marginheight=""0"">Loading…</iframe>",???,web,???,16,***
Add links,???,Let's build your personal website ,???,"<h2>Link to the website:</h2>
<a href=""https://hharen.github.io/mltc_webdev_course/"" target=""_blank"" rel=""noopener noreferrer"">https://hharen.github.io/mltc_webdev_course/</a>
<h2>Your task</h2>
Add the links.
<h2>Video</h2>
<video class=""course-video"" controls=""controls"" width=""300"" height=""150"">
<source src=""https://mltcwebdev.s3-eu-west-1.amazonaws.com/web-dev-1/WD1_15_Add_links.mov"" type=""video/quicktime"" />
<span style=""display: inline-block; width: 0px; overflow: hidden; line-height: 0;"" data-mce-type=""bookmark"" class=""mce_SELRES_start"">﻿</span><source src=""https://mltcwebdev.s3-eu-west-1.amazonaws.com/web-dev-1/WD1_15_Add_links.mp4"" type=""video/mp4"" /><span style=""display: inline-block; width: 0px; overflow: hidden; line-height: 0;"" data-mce-type=""bookmark"" class=""mce_SELRES_end"">﻿</span>
</video>
<h2>Questions?</h2>
If you need a quick answer, ask on <a href=""https://app.slack.com/client/TP3DU1WRZ/G01CZERLTAT"" target=""_blank"" rel=""noopener noreferrer"">Slack.</a> Otherwise, you can post your question for a Q&amp;A session here:

<iframe src=""https://docs.google.com/forms/d/e/1FAIpQLSevsd8ewW3D4lVjL6oD7RXhAN9gLxGZGmGWJSkjKQdEdp6K9Q/viewform?embedded=true"" width=""640"" height=""716"" frameborder=""0"" marginwidth=""0"" marginheight=""0"">Loading…</iframe>",???,web,???,17,***
Add icons,???,Let's build your personal website ,???,"<h2>Link to the website:</h2>
<a href=""https://hharen.github.io/mltc_webdev_course/"" target=""_blank"" rel=""noopener noreferrer"">https://hharen.github.io/mltc_webdev_course/</a>
<h2>Your task</h2>
Add <a href=""http://fontawesome.com/icons/"" target=""_blank"" rel=""noopener noreferrer"">Font Awesome</a> icons. You can use this source for your script tag: https://kit.fontawesome.com/fc08c5bc44.js. You want to add this script: &lt;script src=”https://kit.fontawesome.com/fc08c5bc44.js” crossorigin=”anonymous”&gt;&lt;/script&gt;
<h2>Video</h2>
<video class=""course-video"" controls=""controls"" width=""300"" height=""150"">
<source src=""https://mltcwebdev.s3-eu-west-1.amazonaws.com/web-dev-1/WD1_16_Add_Icons.mov"" type=""video/quicktime"" />
<span style=""display: inline-block; width: 0px; overflow: hidden; line-height: 0;"" data-mce-type=""bookmark"" class=""mce_SELRES_start"">﻿</span><span style=""display: inline-block; width: 0px; overflow: hidden; line-height: 0;"" data-mce-type=""bookmark"" class=""mce_SELRES_start"">﻿</span><source src=""https://mltcwebdev.s3-eu-west-1.amazonaws.com/web-dev-1/WD1_16_Add_Icons.mp4"" type=""video/mp4"" /><span style=""display: inline-block; width: 0px; overflow: hidden; line-height: 0;"" data-mce-type=""bookmark"" class=""mce_SELRES_end"">﻿</span><span style=""display: inline-block; width: 0px; overflow: hidden; line-height: 0;"" data-mce-type=""bookmark"" class=""mce_SELRES_end"">﻿</span>
</video>
<h2>Questions?</h2>
If you need a quick answer, ask on <a href=""https://app.slack.com/client/TP3DU1WRZ/G01CZERLTAT"" target=""_blank"" rel=""noopener noreferrer"">Slack.</a> Otherwise you can post your question for a Q&amp;A session here:

<iframe src=""https://docs.google.com/forms/d/e/1FAIpQLSevsd8ewW3D4lVjL6oD7RXhAN9gLxGZGmGWJSkjKQdEdp6K9Q/viewform?embedded=true"" width=""640"" height=""716"" frameborder=""0"" marginwidth=""0"" marginheight=""0"">Loading…</iframe>",???,web,???,18,***
Create your CSS file and add fonts,???,Let's build your personal website ,???,"<h2>Link to the website:</h2>
<a href=""https://hharen.github.io/mltc_webdev_course/"" target=""_blank"" rel=""noopener noreferrer"">https://hharen.github.io/mltc_webdev_course/</a>
<h2>Your tasks</h2>
1. Create a CSS file and place it to the css folder.

2. Select and add <a href=""https://fonts.google.com/"" target=""_blank"" rel=""noopener noreferrer"">Google Fonts</a>.
<h2>Video</h2>
<video class=""course-video"" controls=""controls"" width=""300"" height=""150"">
<source src=""https://mltcwebdev.s3-eu-west-1.amazonaws.com/web-dev-1/WD1_17_Connect_CSS_Add_Fonts.mov"" type=""video/quicktime"" />
<span style=""display: inline-block; width: 0px; overflow: hidden; line-height: 0;"" data-mce-type=""bookmark"" class=""mce_SELRES_start"">﻿</span><span style=""display: inline-block; width: 0px; overflow: hidden; line-height: 0;"" data-mce-type=""bookmark"" class=""mce_SELRES_start"">﻿</span><source src=""https://mltcwebdev.s3-eu-west-1.amazonaws.com/web-dev-1/WD1_17_Connect_CSS_Add_Fonts.mp4"" type=""video/mp4"" /><span style=""display: inline-block; width: 0px; overflow: hidden; line-height: 0;"" data-mce-type=""bookmark"" class=""mce_SELRES_end"">﻿</span><span style=""display: inline-block; width: 0px; overflow: hidden; line-height: 0;"" data-mce-type=""bookmark"" class=""mce_SELRES_end"">﻿</span>
</video>
<h2>Questions?</h2>
If you need a quick answer, ask on <a href=""https://app.slack.com/client/TP3DU1WRZ/G01CZERLTAT"" target=""_blank"" rel=""noopener noreferrer"">Slack.</a> Otherwise, you can post your question for a Q&amp;A session here:

<iframe src=""https://docs.google.com/forms/d/e/1FAIpQLSevsd8ewW3D4lVjL6oD7RXhAN9gLxGZGmGWJSkjKQdEdp6K9Q/viewform?embedded=true"" width=""640"" height=""716"" frameborder=""0"" marginwidth=""0"" marginheight=""0"">Loading…</iframe>",???,web,???,19,***
Style the containers,???,Let's build your personal website ,???,"<h2>Link to the website:</h2>
<a href=""https://hharen.github.io/mltc_webdev_course/"" target=""_blank"" rel=""noopener noreferrer"">https://hharen.github.io/mltc_webdev_course/</a>
<h2>Your task</h2>
Style the containers. You can choose some colours from <a href=""https://color.adobe.com/create/color-wheel"" target=""_blank"" rel=""noopener noreferrer"">Adobe Kuler</a> or <a href=""https://colors.muz.li/"" target=""_blank"" rel=""noopener noreferrer"">Muzli colors</a>.
<h2>Video</h2>
<video class=""course-video"" controls=""controls"" width=""300"" height=""150"">
<source src=""https://mltcwebdev.s3-eu-west-1.amazonaws.com/web-dev-1/WD1_18_Containers_Section.mov"" type=""video/quicktime"" />
<span style=""display: inline-block; width: 0px; overflow: hidden; line-height: 0;"" data-mce-type=""bookmark"" class=""mce_SELRES_start"">﻿</span><source src=""https://mltcwebdev.s3-eu-west-1.amazonaws.com/web-dev-1/WD1_18_Containers_Section.mp4"" type=""video/mp4"" /><span style=""display: inline-block; width: 0px; overflow: hidden; line-height: 0;"" data-mce-type=""bookmark"" class=""mce_SELRES_end"">﻿</span>
</video>
<h2>Questions?</h2>
If you need a quick answer, ask on <a href=""https://app.slack.com/client/TP3DU1WRZ/G01CZERLTAT"" target=""_blank"" rel=""noopener noreferrer"">Slack.</a> Otherwise you can post your question for a Q&amp;A session here:

<iframe src=""https://docs.google.com/forms/d/e/1FAIpQLSevsd8ewW3D4lVjL6oD7RXhAN9gLxGZGmGWJSkjKQdEdp6K9Q/viewform?embedded=true"" width=""640"" height=""716"" frameborder=""0"" marginwidth=""0"" marginheight=""0"">Loading…</iframe>",???,web,???,20,***
Style lists,???,Let's build your personal website ,???,"<h2>Link to the website:</h2>
<a href=""https://hharen.github.io/mltc_webdev_course/"" target=""_blank"" rel=""noopener noreferrer"">https://hharen.github.io/mltc_webdev_course/</a>
<h2>Your task</h2>
Style lists.
<h2>Video</h2>
<video class=""course-video"" controls=""controls"" width=""300"" height=""150"">
<source src=""https://mltcwebdev.s3-eu-west-1.amazonaws.com/web-dev-1/WD1_19_Lists.mov"" type=""video/quicktime"" />
<span style=""display: inline-block; width: 0px; overflow: hidden; line-height: 0;"" data-mce-type=""bookmark"" class=""mce_SELRES_start"">﻿</span><span style=""display: inline-block; width: 0px; overflow: hidden; line-height: 0;"" data-mce-type=""bookmark"" class=""mce_SELRES_start"">﻿</span><source src=""https://mltcwebdev.s3-eu-west-1.amazonaws.com/web-dev-1/WD1_19_Lists.mp4"" type=""video/mp4"" /><span style=""display: inline-block; width: 0px; overflow: hidden; line-height: 0;"" data-mce-type=""bookmark"" class=""mce_SELRES_end"">﻿</span><span style=""display: inline-block; width: 0px; overflow: hidden; line-height: 0;"" data-mce-type=""bookmark"" class=""mce_SELRES_end"">﻿</span>
</video>
<h2>Questions?</h2>
If you need a quick answer, ask on <a href=""https://app.slack.com/client/TP3DU1WRZ/G01CZERLTAT"" target=""_blank"" rel=""noopener noreferrer"">Slack.</a> Otherwise, you can post your question for a Q&amp;A session here:

<iframe src=""https://docs.google.com/forms/d/e/1FAIpQLSevsd8ewW3D4lVjL6oD7RXhAN9gLxGZGmGWJSkjKQdEdp6K9Q/viewform?embedded=true"" width=""640"" height=""716"" frameborder=""0"" marginwidth=""0"" marginheight=""0"">Loading…</iframe>",???,web,???,21,***
Styling the text,???,Let's build your personal website ,???,"<h2>Link to the website:</h2>
<a href=""https://hharen.github.io/mltc_webdev_course/"" target=""_blank"" rel=""noopener noreferrer"">https://hharen.github.io/mltc_webdev_course/</a>
<h2>Your task</h2>
Style the text. You can check for properties and their values at <a href=""https://www.w3schools.com/css/css_text.asp"" target=""_blank"" rel=""noopener noreferrer"">W3 schools</a> or read more about text styling on <a href=""https://developer.mozilla.org/en-US/docs/Learn/CSS/Styling_text/Fundamentals"" target=""_blank"" rel=""noopener noreferrer"">MDN</a>.
<h2>Video</h2>
<video class=""course-video"" controls=""controls"" width=""300"" height=""150"">
<source src=""https://mltcwebdev.s3-eu-west-1.amazonaws.com/web-dev-1/WD1_20_Styling_Text.mov"" type=""video/quicktime"" />
<span style=""display: inline-block; width: 0px; overflow: hidden; line-height: 0;"" data-mce-type=""bookmark"" class=""mce_SELRES_start"">﻿</span><source src=""https://mltcwebdev.s3-eu-west-1.amazonaws.com/web-dev-1/WD1_20_Styling_Text.mp4"" type=""video/mp4"" /><span style=""display: inline-block; width: 0px; overflow: hidden; line-height: 0;"" data-mce-type=""bookmark"" class=""mce_SELRES_end"">﻿</span>
</video>
<h2>Questions?</h2>
If you need a quick answer, ask on <a href=""https://app.slack.com/client/TP3DU1WRZ/G01CZERLTAT"" target=""_blank"" rel=""noopener noreferrer"">Slack.</a> Otherwise, you can post your question for a Q&amp;A session here:

<iframe src=""https://docs.google.com/forms/d/e/1FAIpQLSevsd8ewW3D4lVjL6oD7RXhAN9gLxGZGmGWJSkjKQdEdp6K9Q/viewform?embedded=true"" width=""640"" height=""716"" frameborder=""0"" marginwidth=""0"" marginheight=""0"">Loading…</iframe>",???,web,???,22,***
Creating on-page navigation,???,Let's build your personal website ,???,"<h2>Link to the website:</h2>
<a href=""https://hharen.github.io/mltc_webdev_course/"" target=""_blank"" rel=""noopener noreferrer"">https://hharen.github.io/mltc_webdev_course/</a>
<h2>Your task</h2>
Add navigation. We will use the &lt;nav&gt; tag and three links.
<h2>Video</h2>
<video class=""course-video"" controls=""controls"" width=""300"" height=""150"">
<source src=""https://mltcwebdev.s3-eu-west-1.amazonaws.com/web-dev-1/WD1_21_Navigation.mov"" type=""video/quicktime"" />
<span style=""display: inline-block; width: 0px; overflow: hidden; line-height: 0;"" data-mce-type=""bookmark"" class=""mce_SELRES_start"">﻿</span><span style=""display: inline-block; width: 0px; overflow: hidden; line-height: 0;"" data-mce-type=""bookmark"" class=""mce_SELRES_start"">﻿</span><source src=""https://mltcwebdev.s3-eu-west-1.amazonaws.com/web-dev-1/WD1_21_Navigation.mp4"" type=""video/mp4"" /><span style=""display: inline-block; width: 0px; overflow: hidden; line-height: 0;"" data-mce-type=""bookmark"" class=""mce_SELRES_end"">﻿</span><span style=""display: inline-block; width: 0px; overflow: hidden; line-height: 0;"" data-mce-type=""bookmark"" class=""mce_SELRES_end"">﻿</span>
</video>
<h2>Questions?</h2>
If you need a quick answer, ask on <a href=""https://app.slack.com/client/TP3DU1WRZ/G01CZERLTAT"" target=""_blank"" rel=""noopener noreferrer"">Slack.</a> Otherwise, you can post your question for a Q&amp;A session here:

<iframe src=""https://docs.google.com/forms/d/e/1FAIpQLSevsd8ewW3D4lVjL6oD7RXhAN9gLxGZGmGWJSkjKQdEdp6K9Q/viewform?embedded=true"" width=""640"" height=""716"" frameborder=""0"" marginwidth=""0"" marginheight=""0"">Loading…</iframe>",???,web,???,23,***
Header,???,Let's build your personal website ,???,"<h2>Link to the website:</h2>
<a href=""https://hharen.github.io/mltc_webdev_course/"" target=""_blank"" rel=""noopener noreferrer"">https://hharen.github.io/mltc_webdev_course/</a>
<h2>Your task</h2>
Now it's time to add the header. You want to use 'background-image' property. In this example, you'll also learn how to add a colour gradient to your background image.
<h2>Video</h2>
<video class=""course-video"" controls=""controls"" width=""300"" height=""150"">
<source src=""https://mltcwebdev.s3-eu-west-1.amazonaws.com/web-dev-1/WD1_22_Header.mov"" type=""video/quicktime"" />
<span style=""display: inline-block; width: 0px; overflow: hidden; line-height: 0;"" data-mce-type=""bookmark"" class=""mce_SELRES_start"">﻿</span><span style=""display: inline-block; width: 0px; overflow: hidden; line-height: 0;"" data-mce-type=""bookmark"" class=""mce_SELRES_start"">﻿</span><span style=""display: inline-block; width: 0px; overflow: hidden; line-height: 0;"" data-mce-type=""bookmark"" class=""mce_SELRES_start"">﻿</span><source src=""https://mltcwebdev.s3-eu-west-1.amazonaws.com/web-dev-1/WD1_22_Header.mp4"" type=""video/mp4"" /><span style=""display: inline-block; width: 0px; overflow: hidden; line-height: 0;"" data-mce-type=""bookmark"" class=""mce_SELRES_end"">﻿</span><span style=""display: inline-block; width: 0px; overflow: hidden; line-height: 0;"" data-mce-type=""bookmark"" class=""mce_SELRES_end"">﻿</span><span style=""display: inline-block; width: 0px; overflow: hidden; line-height: 0;"" data-mce-type=""bookmark"" class=""mce_SELRES_end"">﻿</span>
</video>
<h2>Questions?</h2>
If you need a quick answer, ask on <a href=""https://app.slack.com/client/TP3DU1WRZ/G01CZERLTAT"" target=""_blank"" rel=""noopener noreferrer"">Slack.</a> Otherwise, you can post your question for a Q&amp;A session here:

<iframe src=""https://docs.google.com/forms/d/e/1FAIpQLSevsd8ewW3D4lVjL6oD7RXhAN9gLxGZGmGWJSkjKQdEdp6K9Q/viewform?embedded=true"" width=""640"" height=""716"" frameborder=""0"" marginwidth=""0"" marginheight=""0"">Loading…</iframe>",???,web,???,24,***
Last fixes,???,Let's build your personal website ,???,"<h2>Link to the website:</h2>
<a href=""https://hharen.github.io/mltc_webdev_course/"" target=""_blank"" rel=""noopener noreferrer"">https://hharen.github.io/mltc_webdev_course/</a>
<h2>Your task</h2>
Go over the website and check if everything is correct. In this video, we'll fix some font sizes and we'll also add media rule to make our website display differently on smaller screens. You can read more about @media rule <a href=""https://www.w3schools.com/cssref/css3_pr_mediaquery.asp"" target=""_blank"" rel=""noopener noreferrer"">here</a>.
<h2>Video</h2>
<video class=""course-video"" controls=""controls"" width=""300"" height=""150"">
<source src=""https://mltcwebdev.s3-eu-west-1.amazonaws.com/web-dev-1/WD1_23_Last_fixes.mov"" type=""video/quicktime"" />
<span style=""display: inline-block; width: 0px; overflow: hidden; line-height: 0;"" data-mce-type=""bookmark"" class=""mce_SELRES_start"">﻿</span><span style=""display: inline-block; width: 0px; overflow: hidden; line-height: 0;"" data-mce-type=""bookmark"" class=""mce_SELRES_start"">﻿</span><span style=""display: inline-block; width: 0px; overflow: hidden; line-height: 0;"" data-mce-type=""bookmark"" class=""mce_SELRES_start"">﻿</span><source src=""https://mltcwebdev.s3-eu-west-1.amazonaws.com/web-dev-1/WD1_23_Last_fixes.mp4"" type=""video/mp4"" /><span style=""display: inline-block; width: 0px; overflow: hidden; line-height: 0;"" data-mce-type=""bookmark"" class=""mce_SELRES_end"">﻿</span><span style=""display: inline-block; width: 0px; overflow: hidden; line-height: 0;"" data-mce-type=""bookmark"" class=""mce_SELRES_end"">﻿</span><span style=""display: inline-block; width: 0px; overflow: hidden; line-height: 0;"" data-mce-type=""bookmark"" class=""mce_SELRES_end"">﻿</span>
</video>
<h2>Questions?</h2>
If you need a quick answer, ask on <a href=""https://app.slack.com/client/TP3DU1WRZ/G01CZERLTAT"" target=""_blank"" rel=""noopener noreferrer"">Slack.</a> Otherwise, you can post your question for a Q&amp;A session here:

<iframe src=""https://docs.google.com/forms/d/e/1FAIpQLSevsd8ewW3D4lVjL6oD7RXhAN9gLxGZGmGWJSkjKQdEdp6K9Q/viewform?embedded=true"" width=""640"" height=""716"" frameborder=""0"" marginwidth=""0"" marginheight=""0"">Loading…</iframe>",???,web,???,25,***
Favicon,???,Let's build your personal website ,???,"<h2>Link to the website:</h2>
<a href=""https://hharen.github.io/mltc_webdev_course/"" target=""_blank"" rel=""noopener noreferrer"">https://hharen.github.io/mltc_webdev_course/</a>
<h2>Your task</h2>
Last finishing touch - we'll add our favicon.

You can create your favicon here: <a href=""https://favicon.io/"" target=""_blank"" rel=""noopener noreferrer"">https://favicon.io/</a>

&nbsp;

Also, we'd love what you've created, let's learn from each other and share your websites on <a href=""https://app.slack.com/client/TP3DU1WRZ/G01CZERLTAT"" target=""_blank"" rel=""noopener noreferrer"">Slack.</a> Don't underestimate the power of sharing. It motivates not only you but also others ;o)
<h2>Video</h2>
<video class=""course-video"" controls=""controls"" width=""300"" height=""150"">
<source src=""https://mltcwebdev.s3-eu-west-1.amazonaws.com/web-dev-1/WD1_24_Favicon.mov"" type=""video/quicktime"" />
<span style=""display: inline-block; width: 0px; overflow: hidden; line-height: 0;"" data-mce-type=""bookmark"" class=""mce_SELRES_start"">﻿</span><span style=""display: inline-block; width: 0px; overflow: hidden; line-height: 0;"" data-mce-type=""bookmark"" class=""mce_SELRES_start"">﻿</span><span style=""display: inline-block; width: 0px; overflow: hidden; line-height: 0;"" data-mce-type=""bookmark"" class=""mce_SELRES_start"">﻿</span><span style=""display: inline-block; width: 0px; overflow: hidden; line-height: 0;"" data-mce-type=""bookmark"" class=""mce_SELRES_start"">﻿</span><source src=""https://mltcwebdev.s3-eu-west-1.amazonaws.com/web-dev-1/WD1_24_Favicon.mp4"" type=""video/mp4"" /><span style=""display: inline-block; width: 0px; overflow: hidden; line-height: 0;"" data-mce-type=""bookmark"" class=""mce_SELRES_end"">﻿</span><span style=""display: inline-block; width: 0px; overflow: hidden; line-height: 0;"" data-mce-type=""bookmark"" class=""mce_SELRES_end"">﻿</span><span style=""display: inline-block; width: 0px; overflow: hidden; line-height: 0;"" data-mce-type=""bookmark"" class=""mce_SELRES_end"">﻿</span><span style=""display: inline-block; width: 0px; overflow: hidden; line-height: 0;"" data-mce-type=""bookmark"" class=""mce_SELRES_end"">﻿</span>
</video>
<h2>Questions?</h2>
If you need a quick answer, ask on <a href=""https://app.slack.com/client/TP3DU1WRZ/G01CZERLTAT"" target=""_blank"" rel=""noopener noreferrer"">Slack.</a> Otherwise, you can post your question for a Q&amp;A session here:

<iframe src=""https://docs.google.com/forms/d/e/1FAIpQLSevsd8ewW3D4lVjL6oD7RXhAN9gLxGZGmGWJSkjKQdEdp6K9Q/viewform?embedded=true"" width=""640"" height=""716"" frameborder=""0"" marginwidth=""0"" marginheight=""0"">Loading…</iframe>",???,web,???,26,***
Cheatsheets and resources,???,Resources,???,"<h2>Cheatsheet</h2>
Here you have cheatsheet with <a href=""https://docs.google.com/document/d/1_NfJoRUvy6AAX3Pl5pVTYuq5NBPaUsjvwVPc7Eu3l8Q/edit"" target=""_blank"" rel=""noopener noreferrer"">basic html elements</a>. You can save it or print it.

Check your HTML and CSS with these validators:
<ul>
 	<li><a href=""https://validator.w3.org/nu/"" target=""_blank"" rel=""noopener noreferrer"">HTML validator</a></li>
 	<li><a href=""https://jigsaw.w3.org/css-validator/"" target=""_blank"" rel=""noopener noreferrer"">CSS validator</a></li>
</ul>
<h2><b>Where to find colour combinations</b></h2>
<a href=""https://color.adobe.com/"">https://color.adobe.com/</a>

<a href=""https://colorhunt.co/"">https://colorhunt.co/</a>

<a href=""https://www.canva.com/colors/color-palettes/"">https://www.canva.com/colors/color-palettes/</a>
<h2><b>Where to find attribution free pictures for personal and commercial use</b></h2>
<a href=""https://unsplash.com"" target=""_blank"" rel=""noopener noreferrer"">https://unsplash.com</a>

<a href=""https://pixabay.com"" target=""_blank"" rel=""noopener noreferrer"">https://pixabay.com</a>
<h2><b>Useful resources</b></h2>
<ul>
 	<li><a href=""https://developer.mozilla.org/en-US/docs/Learn"" target=""_blank"" rel=""noopener noreferrer"">MDN web docs</a> - Course about web development from Mozilla developers</li>
 	<li><a href=""https://www.w3schools.com/"" target=""_blank"" rel=""noopener noreferrer"">W3 Schools</a> - useful information when you need to check some html tags or css attributes and properties</li>
 	<li><a href=""https://code.visualstudio.com/shortcuts/keyboard-shortcuts-windows.pdf"" target=""_blank"" rel=""noopener noreferrer"">Visual Code Studio Shortcut references</a></li>
 	<li><a href=""https://gist.github.com/JamieMason/3748498"" target=""_blank"" rel=""noopener noreferrer"">ISO language code reference</a>:</li>
 	<li><a href=""https://codepen.io/"" target=""_blank"" rel=""noopener noreferrer"">Codepen</a> - A great place to play with CSS and HTML code (free, requires registration)</li>
</ul>
<h2><b>A short dictionary of special characters</b></h2>
()    parentheses

{ }     curly brackets, curly braces

[ ]     square braces

&lt; &gt;     angle brackets

-     dash, hyphen, minus

_     underscore

‘ ‘     single quotes

“ “     double quotes

/     slash

\     backslash

=     equal sign

#     dash

|     pipe

:     colon

;    semicolon

,     coma

.     dot, period, full stop",???,web,???,27,***
Introduction to the second part,???,Diving deeper ,???,"<h2>Video</h2>
<video class=""course-video"" controls=""controls"" width=""300"" height=""150""><span style=""display: inline-block; width: 0px; overflow: hidden; line-height: 0;"" data-mce-type=""bookmark"" class=""mce_SELRES_start"">﻿</span>
<source src=""https://mltcwebdev.s3-eu-west-1.amazonaws.com/web-dev-2/WD2_01_Introduction.mov"" type=""video/quicktime"" />
<source src=""https://mltcwebdev.s3-eu-west-1.amazonaws.com/web-dev-2/WD2_01_Introduction.mp4"" type=""video/mp4"" />
</video>
<h2>Presentation</h2>
<iframe src=""https://docs.google.com/presentation/d/e/2PACX-1vTW9CUUIcLB1cJUVrXQJXGEsdcCPPZMB9v9Fs7k5nVRxZLsNTuPevuukGcNNUM3cLmyB-jf13HDyC7K/embed?start=false"" width=""600"" height=""360"" frameborder=""0"" allowfullscreen=""allowfullscreen""><span style=""display: inline-block; width: 0px; overflow: hidden; line-height: 0;"" data-mce-type=""bookmark"" class=""mce_SELRES_start"">﻿</span></iframe>

You've made it! Already in the second part of the course. Congrats! So let's start with adding some new meta tags to our website.
<h2>Questions?</h2>
Ask on <a href=""https://app.slack.com/client/TP3DU1WRZ/G01CZERLTAT"" target=""_blank"" rel=""noopener noreferrer"">Slack</a> or write your question down here:

<iframe src=""https://docs.google.com/forms/d/e/1FAIpQLSevsd8ewW3D4lVjL6oD7RXhAN9gLxGZGmGWJSkjKQdEdp6K9Q/viewform?embedded=true"" width=""640"" height=""716"" frameborder=""0"" marginwidth=""0"" marginheight=""0"">Loading…</iframe>",???,web,???,28,***
Using inspect tool,???,Diving deeper ,???,"<h2>Video</h2>
<video class=""course-video"" controls=""controls"" width=""300"" height=""150""><span style=""display: inline-block; width: 0px; overflow: hidden; line-height: 0;"" data-mce-type=""bookmark"" class=""mce_SELRES_start"">﻿</span>
<source src=""https://mltcwebdev.s3-eu-west-1.amazonaws.com/web-dev-2/WD2_02_Inspect_tool.mov"" type=""video/quicktime"" />
<span style=""display: inline-block; width: 0px; overflow: hidden; line-height: 0;"" data-mce-type=""bookmark"" class=""mce_SELRES_start"">﻿</span><source src=""https://mltcwebdev.s3-eu-west-1.amazonaws.com/web-dev-2/WD2_02_Inspect_tool.mp4"" type=""video/mp4"" /><span style=""display: inline-block; width: 0px; overflow: hidden; line-height: 0;"" data-mce-type=""bookmark"" class=""mce_SELRES_end"">﻿</span>
</video>

Now you're a real developer. Using the Inspect tool will make your life so much easier. It's great for debugging and experimenting.
<h2>Your task</h2>
1. Open your website and experiment with the Inspect tool. Change some HTML and CSS.

2. Check out some other websites and examine the code.
<h2>Additional reading</h2>
More on <a href=""https://progate.com/docs/html-dev"" target=""_blank"" rel=""noopener noreferrer"">how to use inspect tool</a>.
<h2>Questions?</h2>
Ask on <a href=""https://app.slack.com/client/TP3DU1WRZ/G01CZERLTAT"" target=""_blank"" rel=""noopener noreferrer"">Slack</a> or write your question down here:

<iframe src=""https://docs.google.com/forms/d/e/1FAIpQLSevsd8ewW3D4lVjL6oD7RXhAN9gLxGZGmGWJSkjKQdEdp6K9Q/viewform?embedded=true"" width=""640"" height=""716"" frameborder=""0"" marginwidth=""0"" marginheight=""0"">Loading…</iframe>",???,web,???,29,***
Adding new meta tags,???,Diving deeper ,???,"<h2>Video</h2>
<video class=""course-video"" controls=""controls"" width=""300"" height=""150""><span style=""display: inline-block; width: 0px; overflow: hidden; line-height: 0;"" data-mce-type=""bookmark"" class=""mce_SELRES_start"">﻿</span>
<source src=""https://mltcwebdev.s3-eu-west-1.amazonaws.com/web-dev-2/WD2_03_Meta_tags.mov"" type=""video/quicktime"" />
<span style=""display: inline-block; width: 0px; overflow: hidden; line-height: 0;"" data-mce-type=""bookmark"" class=""mce_SELRES_start"">﻿</span><source src=""https://mltcwebdev.s3-eu-west-1.amazonaws.com/web-dev-2/WD2_03_Meta_tags.mp4"" type=""video/mp4"" /><span style=""display: inline-block; width: 0px; overflow: hidden; line-height: 0;"" data-mce-type=""bookmark"" class=""mce_SELRES_end"">﻿</span>
</video>
<h2>Presentation</h2>
<iframe src=""https://docs.google.com/presentation/d/e/2PACX-1vS2q97Yk0gxBY33EBw3WakB19rJPixfQdzO0t_sI4ZPRM3zbvDOD8DaHBhjHC4x8DMbBskiEPfCh3e2/embed?start=false"" width=""600"" height=""360"" frameborder=""0"" allowfullscreen=""allowfullscreen""></iframe>
<h2>Your task</h2>
Add meta tags author and description to your website.
<h2>Questions?</h2>
Ask on <a href=""https://app.slack.com/client/TP3DU1WRZ/G01CZERLTAT"" target=""_blank"" rel=""noopener noreferrer"">Slack</a> or write your question down here:

<iframe src=""https://docs.google.com/forms/d/e/1FAIpQLSevsd8ewW3D4lVjL6oD7RXhAN9gLxGZGmGWJSkjKQdEdp6K9Q/viewform?embedded=true"" width=""640"" height=""716"" frameborder=""0"" marginwidth=""0"" marginheight=""0"">Loading…</iframe>",???,web,???,30,***
Meta tags - Facebook and Twitter,???,Diving deeper ,???,"<h2>Video</h2>
<video class=""course-video"" controls=""controls"" width=""300"" height=""150""><span style=""display: inline-block; width: 0px; overflow: hidden; line-height: 0;"" data-mce-type=""bookmark"" class=""mce_SELRES_start"">﻿</span>
<source src=""https://mltcwebdev.s3-eu-west-1.amazonaws.com/web-dev-2/WD2_04_Social_media_metatags.mov"" type=""video/quicktime"" />
<span style=""display: inline-block; width: 0px; overflow: hidden; line-height: 0;"" data-mce-type=""bookmark"" class=""mce_SELRES_start"">﻿</span><source src=""https://mltcwebdev.s3-eu-west-1.amazonaws.com/web-dev-2/WD2_04_Social_media_metatags.mp4"" type=""video/mp4"" /><span style=""display: inline-block; width: 0px; overflow: hidden; line-height: 0;"" data-mce-type=""bookmark"" class=""mce_SELRES_end"">﻿</span>
</video>
<h2>Presentation</h2>
<iframe src=""https://docs.google.com/presentation/d/e/2PACX-1vS2q97Yk0gxBY33EBw3WakB19rJPixfQdzO0t_sI4ZPRM3zbvDOD8DaHBhjHC4x8DMbBskiEPfCh3e2/embed?start=false"" width=""600"" height=""360"" frameborder=""0"" allowfullscreen=""allowfullscreen""></iframe>
<h2>Your tasks</h2>
1. Try the debugger from <a href=""https://developers.facebook.com/tools/debug/"" target=""_blank"" rel=""noopener noreferrer"">Facebook</a> and card validator from <a href=""https://cards-dev.twitter.com/validator"" target=""_blank"" rel=""noopener noreferrer"">Twitter</a>. You can also check <a href=""https://www.linkedin.com/post-inspector"" target=""_blank"" rel=""noopener noreferrer"">LinkedIn inspector</a>.

2. Add Open Graph and Twitter card tags to your website.
<h2>Additional resources</h2>
If you're interested here's some rather technical reading about <a href=""https://ogp.me/"" target=""_blank"" rel=""noopener noreferrer"">Open Graph tags</a>.
<h2>Questions?</h2>
Ask on <a href=""https://app.slack.com/client/TP3DU1WRZ/G01CZERLTAT"" target=""_blank"" rel=""noopener noreferrer"">Slack</a> or write your question down here:

<iframe src=""https://docs.google.com/forms/d/e/1FAIpQLSevsd8ewW3D4lVjL6oD7RXhAN9gLxGZGmGWJSkjKQdEdp6K9Q/viewform?embedded=true"" width=""640"" height=""716"" frameborder=""0"" marginwidth=""0"" marginheight=""0"">Loading…</iframe>",???,web,???,31,***
Semantic elements,???,Diving deeper ,???,"<h2>Video</h2>
<video class=""course-video"" controls=""controls"" width=""300"" height=""150""><span style=""display: inline-block; width: 0px; overflow: hidden; line-height: 0;"" data-mce-type=""bookmark"" class=""mce_SELRES_start"">﻿</span>
<source src=""https://mltcwebdev.s3-eu-west-1.amazonaws.com/web-dev-2/WD2_05_Semantic_Elements.mov"" type=""video/quicktime"" />
<span style=""display: inline-block; width: 0px; overflow: hidden; line-height: 0;"" data-mce-type=""bookmark"" class=""mce_SELRES_start"">﻿</span><source src=""https://mltcwebdev.s3-eu-west-1.amazonaws.com/web-dev-2/WD2_05_Semantic_Elements.mp4"" type=""video/mp4"" /><span style=""display: inline-block; width: 0px; overflow: hidden; line-height: 0;"" data-mce-type=""bookmark"" class=""mce_SELRES_end"">﻿</span>
</video>
<h2>Presentation</h2>
<iframe src=""https://docs.google.com/presentation/d/e/2PACX-1vSJXxwIgmu7JOf_ro7RS8K1XROY_EqxLZGmm8GTsdTsTXPg1JSEW8_JHZGrQq-jBSfPjjK1K7fzDcHB/embed?start=false"" width=""600"" height=""360"" frameborder=""0"" allowfullscreen=""allowfullscreen""></iframe>
<h2>Your tasks</h2>
Think about the website you want to create, what sections will you use?
<h2>Additional resources</h2>
Here's an exhaustive list of <a href=""https://developer.mozilla.org/en-US/docs/Web/HTML/Element"" target=""_blank"" rel=""noopener noreferrer"">HTML elements</a>.
<h2>Questions?</h2>
Ask on <a href=""https://app.slack.com/client/TP3DU1WRZ/G01CZERLTAT"" target=""_blank"" rel=""noopener noreferrer"">Slack</a> or write your question down here:

<iframe src=""https://docs.google.com/forms/d/e/1FAIpQLSevsd8ewW3D4lVjL6oD7RXhAN9gLxGZGmGWJSkjKQdEdp6K9Q/viewform?embedded=true"" width=""640"" height=""716"" frameborder=""0"" marginwidth=""0"" marginheight=""0"">Loading…</iframe>",???,web,???,32,***
Embedding,???,Diving deeper ,???,"<h2>Video</h2>
<video class=""course-video"" controls=""controls"" width=""300"" height=""150""><span style=""display: inline-block; width: 0px; overflow: hidden; line-height: 0;"" data-mce-type=""bookmark"" class=""mce_SELRES_start"">﻿</span>
<source src=""https://mltcwebdev.s3-eu-west-1.amazonaws.com/web-dev-2/WD2_06_Embedding.mov"" type=""video/quicktime"" />
<span style=""display: inline-block; width: 0px; overflow: hidden; line-height: 0;"" data-mce-type=""bookmark"" class=""mce_SELRES_start"">﻿</span><source src=""https://mltcwebdev.s3-eu-west-1.amazonaws.com/web-dev-2/WD2_06_Embedding.mp4"" type=""video/mp4"" /><span style=""display: inline-block; width: 0px; overflow: hidden; line-height: 0;"" data-mce-type=""bookmark"" class=""mce_SELRES_end"">﻿</span>
</video>
<h2>Presentation</h2>
<iframe src=""https://docs.google.com/presentation/d/e/2PACX-1vSl0wfU5Yca0GdzrtRJ45bG84zvd2MmNBmONN4O5btmHCAZkZocTP8cDZfQxGpCVRe71dz5eGQgR7ZL/embed?start=false"" width=""600"" height=""360"" frameborder=""0"" allowfullscreen=""allowfullscreen""><span style=""display: inline-block; width: 0px; overflow: hidden; line-height: 0;"" data-mce-type=""bookmark"" class=""mce_SELRES_start"">﻿</span></iframe>
<h2>Resources</h2>
Here is the <a href=""https://codepen.io/hhar/pen/RwGRrgY"" target=""_blank"" rel=""noopener noreferrer"">codepen</a> from the video.
<h2>Your tasks</h2>
Go to Codepen or create a website and embed:
<ul>
 	<li>Google Map</li>
 	<li>Video</li>
 	<li>Website</li>
</ul>
<h2>Additional resources</h2>
<a href=""https://developer.mozilla.org/en-US/docs/Web/HTML/Element/iframe"" target=""_blank"" rel=""noopener noreferrer"">MDN</a> and <a href=""https://www.w3schools.com/tags/tag_iframe.asp"">W3 Schools</a> on iframe.
<h2>Questions?</h2>
Ask on <a href=""https://app.slack.com/client/TP3DU1WRZ/G01CZERLTAT"" target=""_blank"" rel=""noopener noreferrer"">Slack</a> or write your question down here:

<iframe src=""https://docs.google.com/forms/d/e/1FAIpQLSevsd8ewW3D4lVjL6oD7RXhAN9gLxGZGmGWJSkjKQdEdp6K9Q/viewform?embedded=true"" width=""640"" height=""716"" frameborder=""0"" marginwidth=""0"" marginheight=""0"">Loading…</iframe>",???,web,???,33,***
Create a table,???,Diving deeper ,???,"<h2>Video</h2>
<video class=""course-video"" controls=""controls"" width=""300"" height=""150""><span style=""display: inline-block; width: 0px; overflow: hidden; line-height: 0;"" data-mce-type=""bookmark"" class=""mce_SELRES_start"">﻿</span>
<source src=""https://mltcwebdev.s3-eu-west-1.amazonaws.com/web-dev-2/WD2_07_Table.mov"" type=""video/quicktime"" />
<span style=""display: inline-block; width: 0px; overflow: hidden; line-height: 0;"" data-mce-type=""bookmark"" class=""mce_SELRES_start"">﻿</span><source src=""https://mltcwebdev.s3-eu-west-1.amazonaws.com/web-dev-2/WD2_07_Table.mp4"" type=""video/mp4"" /><span style=""display: inline-block; width: 0px; overflow: hidden; line-height: 0;"" data-mce-type=""bookmark"" class=""mce_SELRES_end"">﻿</span>
</video>
<h2>Presentation</h2>
<iframe src=""https://docs.google.com/presentation/d/e/2PACX-1vQ2jB9hRzfnfvdD22Fg-2PdQl3yNKf3o0onIiYK-X4Qb86OXiY_YpBwcRnDV-2EdZE8FkvcFJDaMdgT/embed?start=false"" width=""600"" height=""360"" frameborder=""0"" allowfullscreen=""allowfullscreen""></iframe>
<h2>Resources</h2>
Here is the <a href=""https://codepen.io/hhar/pen/VwKbeyL"" target=""_blank"" rel=""noopener noreferrer"">codepen</a> from the video.
<h2>Your tasks</h2>
Go to Codepen or create a table. You the styling trick you saw in this video and add some more of your styling. Have fun!
<h2>Additional resources</h2>
Here is a nice example of a <a href=""https://dev.to/dcodeyt/creating-beautiful-html-tables-with-css-428l"" target=""_blank"" rel=""noopener noreferrer"">styled table</a>. You see, you can do something nice really quickly ;)
<h2>Questions?</h2>
Ask on <a href=""https://app.slack.com/client/TP3DU1WRZ/G01CZERLTAT"" target=""_blank"" rel=""noopener noreferrer"">Slack</a> or write your question down here:

<iframe src=""https://docs.google.com/forms/d/e/1FAIpQLSevsd8ewW3D4lVjL6oD7RXhAN9gLxGZGmGWJSkjKQdEdp6K9Q/viewform?embedded=true"" width=""640"" height=""716"" frameborder=""0"" marginwidth=""0"" marginheight=""0"">Loading…</iframe>",???,web,???,34,***
Advanced CSS Selectors,???,Diving deeper ,???,"<h2>Video</h2>
<video class=""course-video"" controls=""controls"" width=""300"" height=""150""><span style=""display: inline-block; width: 0px; overflow: hidden; line-height: 0;"" data-mce-type=""bookmark"" class=""mce_SELRES_start"">﻿</span>
<source src=""https://mltcwebdev.s3-eu-west-1.amazonaws.com/web-dev-2/WD2_08_Advanced_CSS_Selectors.mov"" type=""video/quicktime"" />
<span style=""display: inline-block; width: 0px; overflow: hidden; line-height: 0;"" data-mce-type=""bookmark"" class=""mce_SELRES_start"">﻿</span><source src=""https://mltcwebdev.s3-eu-west-1.amazonaws.com/web-dev-2/WD2_08_Advanced_CSS_Selectors.mp4"" type=""video/mp4"" /><span style=""display: inline-block; width: 0px; overflow: hidden; line-height: 0;"" data-mce-type=""bookmark"" class=""mce_SELRES_end"">﻿</span>
</video>
<h2>Presentation</h2>
<iframe src=""https://docs.google.com/presentation/d/e/2PACX-1vSu7QGEOfzNeUD4kb4RtiXErGtLUxMrxYtwM8KrwVKM4F6kS6TooJvV2iUgiTIyywysWoqW9HMgjsuA/embed?start=false"" width=""600"" height=""360"" frameborder=""0"" allowfullscreen=""allowfullscreen""></iframe>
<h2>Resources</h2>
Here is the <a href=""https://codepen.io/hhar/pen/BaBbpYp"" target=""_blank"" rel=""noopener noreferrer"">codepen</a> from the video.
<h2>Your task</h2>
Go to Codepen and try out various selectors. Don’t forget to add some pseudo-selectors.
<h2>Additional resources</h2>
On CSS selectors from <a href=""https://developer.mozilla.org/en-US/docs/Web/CSS/CSS_Selectors"" target=""_blank"" rel=""noopener"">MDN</a> and <a href=""https://www.w3schools.com/cssref/css_selectors.asp"" target=""_blank"" rel=""noopener"">W3Schools</a>.
<h2>Questions?</h2>
Ask on <a href=""https://app.slack.com/client/TP3DU1WRZ/G01CZERLTAT"" target=""_blank"" rel=""noopener noreferrer"">Slack</a> or write your question down here:

<iframe src=""https://docs.google.com/forms/d/e/1FAIpQLSevsd8ewW3D4lVjL6oD7RXhAN9gLxGZGmGWJSkjKQdEdp6K9Q/viewform?embedded=true"" width=""640"" height=""716"" frameborder=""0"" marginwidth=""0"" marginheight=""0"">Loading…</iframe>",???,web,???,35,***
Advanced Text Styling,???,Diving deeper ,???,"<h2>Video</h2>
<video class=""course-video"" controls=""controls"" width=""300"" height=""150""><span style=""display: inline-block; width: 0px; overflow: hidden; line-height: 0;"" data-mce-type=""bookmark"" class=""mce_SELRES_start"">﻿</span>
<source src=""https://mltcwebdev.s3-eu-west-1.amazonaws.com/web-dev-2/WD2_09_Advanced_Text_Styling.mov"" type=""video/quicktime"" />
<span style=""display: inline-block; width: 0px; overflow: hidden; line-height: 0;"" data-mce-type=""bookmark"" class=""mce_SELRES_start"">﻿</span><source src=""https://mltcwebdev.s3-eu-west-1.amazonaws.com/web-dev-2/WD2_09_Advanced_Text_Styling.mp4"" type=""video/mp4"" /><span style=""display: inline-block; width: 0px; overflow: hidden; line-height: 0;"" data-mce-type=""bookmark"" class=""mce_SELRES_end"">﻿</span>
</video>
<h2>Presentation</h2>
<iframe src=""https://docs.google.com/presentation/d/e/2PACX-1vT0gjFsIHlEBxcZ8rORaHsfDlfNUdPP4dIkAcXlAHYNIts056eSNXZn1yYDByFqGCZo_2QAwHYcdOru/embed?start=false"" width=""600"" height=""360"" frameborder=""0"" allowfullscreen=""allowfullscreen""><span style=""display: inline-block; width: 0px; overflow: hidden; line-height: 0;"" data-mce-type=""bookmark"" class=""mce_SELRES_start"">﻿</span></iframe>
<h2>Resources</h2>
Here is the <a href=""https://codepen.io/hhar/pen/NWRLGPE"" target=""_blank"" rel=""noopener noreferrer"">codepen</a> from the video.
<h2>Your task</h2>
Go to Codepen and create some nice styles for headings, paragraphs and lists. How would you style text and headings for your new website? Quotes and testimonials, links? Play a bit and create styles you want to use later on.
<h2>Additional resources</h2>
More information on <a href=""https://developer.mozilla.org/en-US/docs/Learn/CSS/Styling_text"" target=""_blank"" rel=""noopener"">how to style text</a> and <a href=""https://developer.mozilla.org/en-US/docs/Learn/CSS/Styling_text/Styling_lists"" target=""_blank"" rel=""noopener"">how to style lists</a>.
<h2>Questions?</h2>
Ask on <a href=""https://app.slack.com/client/TP3DU1WRZ/G01CZERLTAT"" target=""_blank"" rel=""noopener noreferrer"">Slack</a> or write your question down here:

<iframe src=""https://docs.google.com/forms/d/e/1FAIpQLSevsd8ewW3D4lVjL6oD7RXhAN9gLxGZGmGWJSkjKQdEdp6K9Q/viewform?embedded=true"" width=""640"" height=""716"" frameborder=""0"" marginwidth=""0"" marginheight=""0"">Loading…</iframe>",???,web,???,36,***
Building Components,???,Diving deeper ,???,"<h2>Video</h2>
<video class=""course-video"" controls=""controls"" width=""300"" height=""150""><span style=""display: inline-block; width: 0px; overflow: hidden; line-height: 0;"" data-mce-type=""bookmark"" class=""mce_SELRES_start"">﻿</span>
<source src=""https://mltcwebdev.s3-eu-west-1.amazonaws.com/web-dev-2/WD2_10_Building_Components.mov"" type=""video/quicktime"" />
<span style=""display: inline-block; width: 0px; overflow: hidden; line-height: 0;"" data-mce-type=""bookmark"" class=""mce_SELRES_start"">﻿</span><source src=""https://mltcwebdev.s3-eu-west-1.amazonaws.com/web-dev-2/WD2_10_Building_Components.mp4"" type=""video/mp4"" /><span style=""display: inline-block; width: 0px; overflow: hidden; line-height: 0;"" data-mce-type=""bookmark"" class=""mce_SELRES_end"">﻿</span>
</video>
<h2>Presentation</h2>
<iframe src=""https://docs.google.com/presentation/d/e/2PACX-1vSZ7283kXvfAfi3LzBgQnkWbLwrgCvguHC1Ti5uLkRvqyWicuAJ_eokjFB3idr8IBVfvVm3LQ0tW59h/embed?start=false"" width=""600"" height=""360"" frameborder=""0"" allowfullscreen=""allowfullscreen""></iframe>
<h2>Resources</h2>
Here is the <a href=""https://codepen.io/hhar/pen/ExgMPqg"" target=""_blank"" rel=""noopener noreferrer"">codepen</a> with the styles and HTML, you can also <a href=""https://mltcwebdev.s3-eu-west-1.amazonaws.com/web-dev-2/components.zip"" target=""_blank"" rel=""noopener"">download the zip</a> with the website.
<h2>Your task</h2>
Go to your text editor and create some components. How would you style buttons, photos and other elements? Add a few stylesheets to the main stylesheet with '@import' rule. You can also use Codepen to play around with styles.
<h2>Additional resources</h2>
More information on <a href=""https://www.keycdn.com/blog/css-import"" target=""_blank"" rel=""noopener"">import rule</a> and <a href=""https://css-tricks.com/developing-extensible-html-css-components/"" target=""_blank"" rel=""noopener"">components</a>.
<h2>Questions?</h2>
Ask on <a href=""https://app.slack.com/client/TP3DU1WRZ/G01CZERLTAT"" target=""_blank"" rel=""noopener noreferrer"">Slack</a> or write your question down here:

<iframe src=""https://docs.google.com/forms/d/e/1FAIpQLSevsd8ewW3D4lVjL6oD7RXhAN9gLxGZGmGWJSkjKQdEdp6K9Q/viewform?embedded=true"" width=""640"" height=""716"" frameborder=""0"" marginwidth=""0"" marginheight=""0"">Loading…</iframe>",???,web,???,37,***
Positioning,???,Diving deeper ,???,"<h2>Video</h2>
<video class=""course-video"" controls=""controls"" width=""300"" height=""150""><span style=""display: inline-block; width: 0px; overflow: hidden; line-height: 0;"" data-mce-type=""bookmark"" class=""mce_SELRES_start"">﻿</span>
<source src=""https://mltcwebdev.s3-eu-west-1.amazonaws.com/web-dev-2/WD2_11_Positioning.mov"" type=""video/quicktime"" />
<span style=""display: inline-block; width: 0px; overflow: hidden; line-height: 0;"" data-mce-type=""bookmark"" class=""mce_SELRES_start"">﻿</span><source src=""https://mltcwebdev.s3-eu-west-1.amazonaws.com/web-dev-2/WD2_11_Positioning.mp4"" type=""video/mp4"" /><span style=""display: inline-block; width: 0px; overflow: hidden; line-height: 0;"" data-mce-type=""bookmark"" class=""mce_SELRES_end"">﻿</span>
</video>
<h2>Presentation</h2>
<iframe src=""https://docs.google.com/presentation/d/e/2PACX-1vTVsmJM4FYr2Tk3A9tkxl_2M-QkhQQRqnfBjMrrorLMi1I7RWyeW4U0U9jGFHG8Ocg3Lb8R6jvn-r5m/embed?start=false"" width=""600"" height=""360"" frameborder=""0"" allowfullscreen=""allowfullscreen""></iframe>
<h2>Resources</h2>
Here is the <a href=""https://codepen.io/hhar/pen/Exgzwjx"" target=""_blank"" rel=""noopener noreferrer"">codepen</a> with the sticky navigation example. Remember, there are two classes you could apply, 'sticky' and 'fixed', depending on if you have some elements before the navigation or not.

<a href=""https://developer.mozilla.org/en-US/docs/Web/CSS/position"" target=""_blank"" rel=""noopener"">MDN on positioning</a>.
<h2>Your task</h2>
Check the <a href=""https://developer.mozilla.org/en-US/docs/Web/CSS/position"" target=""_blank"" rel=""noopener"">MDN website</a> and in the codepen, create a fixed or sticky menu for your website.
<h2>Additional resources</h2>
<a href=""https://codepen.io/ellie_html/pen/vYNyWej"" target=""_blank"" rel=""noopener"">Weather app design</a> from Ellie and her <a href=""https://codepen.io/ellie_html/pens/public"" target=""_blank"" rel=""noopener"">other CSS art</a>.
<h2>Note</h2>
Internet is a wide space there are many browsers with various versions there. Some CSS or HTML features may not work for all of them but that could be also okay. This is also a case for value 'sticky'. If you want, <a href=""https://caniuse.com/?search=sticky"" target=""_blank"" rel=""noopener"">you can check which browsers support various attributes and values</a>.
<h2>Questions?</h2>
Ask on <a href=""https://app.slack.com/client/TP3DU1WRZ/G01CZERLTAT"" target=""_blank"" rel=""noopener noreferrer"">Slack</a> or write your question down here:

<iframe src=""https://docs.google.com/forms/d/e/1FAIpQLSevsd8ewW3D4lVjL6oD7RXhAN9gLxGZGmGWJSkjKQdEdp6K9Q/viewform?embedded=true"" width=""640"" height=""716"" frameborder=""0"" marginwidth=""0"" marginheight=""0"">Loading…</iframe>",???,web,???,38,***
Layout,???,Diving deeper ,???,"<h2>Video</h2>
<video class=""course-video"" controls=""controls"" width=""300"" height=""150""><span style=""display: inline-block; width: 0px; overflow: hidden; line-height: 0;"" data-mce-type=""bookmark"" class=""mce_SELRES_start"">﻿</span>
<source src=""https://mltcwebdev.s3-eu-west-1.amazonaws.com/web-dev-2/WD2_12_Layout.mov"" type=""video/quicktime"" />
<span style=""display: inline-block; width: 0px; overflow: hidden; line-height: 0;"" data-mce-type=""bookmark"" class=""mce_SELRES_start"">﻿</span><source src=""https://mltcwebdev.s3-eu-west-1.amazonaws.com/web-dev-2/WD2_12_Layout.mp4"" type=""video/mp4"" /><span style=""display: inline-block; width: 0px; overflow: hidden; line-height: 0;"" data-mce-type=""bookmark"" class=""mce_SELRES_end"">﻿</span>
</video>
<h2>Presentation</h2>
<iframe src=""https://docs.google.com/presentation/d/e/2PACX-1vQ6278xL0WOg7nKufeDAKtZzHTVY5iPvepcNfK8K-MadX7gwE_5UddTge1K8Se5NKM9lgFfvTRFeO25/embed?start=false"" width=""600"" height=""360"" frameborder=""0"" allowfullscreen=""allowfullscreen""></iframe>
<h2>Resources</h2>
In this <a href=""https://codepen.io/hhar/pen/qBqBBLR"" target=""_blank"" rel=""noopener noreferrer"">codepen</a> you can play with the display property. You have there three values 'inline-block', 'block' and 'inline'.

<a href=""https://www.w3schools.com/cssref/pr_class_display.asp"" target=""_blank"" rel=""noopener"">W3C on display property.</a>
<h2>Your task</h2>
Go through the questions in this presentation, answer them and draw a layout of your next website.
<h2>Questions?</h2>
Ask on <a href=""https://app.slack.com/client/TP3DU1WRZ/G01CZERLTAT"" target=""_blank"" rel=""noopener noreferrer"">Slack</a> or write your question down here:

<iframe src=""https://docs.google.com/forms/d/e/1FAIpQLSevsd8ewW3D4lVjL6oD7RXhAN9gLxGZGmGWJSkjKQdEdp6K9Q/viewform?embedded=true"" width=""640"" height=""716"" frameborder=""0"" marginwidth=""0"" marginheight=""0"">Loading…</iframe>",???,web,???,39,***
Grid,???,Diving deeper ,???,"<h2>Video</h2>
<video class=""course-video"" controls=""controls"" width=""300"" height=""150""><span style=""display: inline-block; width: 0px; overflow: hidden; line-height: 0;"" data-mce-type=""bookmark"" class=""mce_SELRES_start"">﻿</span>
<source src=""https://mltcwebdev.s3-eu-west-1.amazonaws.com/web-dev-2/WD2_13_Grid.mov"" type=""video/quicktime"" />
<span style=""display: inline-block; width: 0px; overflow: hidden; line-height: 0;"" data-mce-type=""bookmark"" class=""mce_SELRES_start"">﻿</span><source src=""https://mltcwebdev.s3-eu-west-1.amazonaws.com/web-dev-2/WD2_13_Grid.mp4"" type=""video/mp4"" /><span style=""display: inline-block; width: 0px; overflow: hidden; line-height: 0;"" data-mce-type=""bookmark"" class=""mce_SELRES_end"">﻿</span>
</video>
<h2>Presentation</h2>
<iframe src=""https://docs.google.com/presentation/d/e/2PACX-1vQ_OJqhvRk16-ISchamns3s5jeZ2Yw0qz6u5h0EEUcYbknh0E8rlCEmb0SBnONiKspxUarF6_S3nzOl/embed?start=false"" width=""600"" height=""360"" frameborder=""0"" allowfullscreen=""allowfullscreen""></iframe>
<h2>Resources</h2>
Here are the codepens from this video:
<ul>
 	<li><a href=""https://codepen.io/hhar/pen/ZEBYePp"" target=""_blank"" rel=""noopener"">Grid layout</a></li>
 	<li><a href=""https://codepen.io/hhar/pen/LYYNWrV"" target=""_blank"" rel=""noopener"">Use case - Team member boxes</a></li>
 	<li><a href=""https://codepen.io/hhar/pen/poooOeJ"" target=""_blank"" rel=""noopener"">Use case - Work description</a></li>
</ul>
<h2>Your tasks</h2>
<ol>
 	<li>To understand grid better and have fun, head over to <a href=""https://cssgridgarden.com/"" target=""_blank"" rel=""noopener"">Grid Garden game</a>.</li>
 	<li>Go through your layout for the website and identify, if there’s a need to use a grid.</li>
</ol>
<h2>Additional resources</h2>
Here are two articles which do a great job in explaining a grid layout and responsiveness:
<ul>
 	<li>
<p class=""post-full-title""><a href=""https://www.freecodecamp.org/news/learn-css-grid-in-5-minutes-f582e87b1228/"" target=""_blank"" rel=""noopener"">Learn CSS Grid in 5 minutes - A tutorial for beginners</a></p>
</li>
 	<li>
<p class=""post-full-title""><a href=""https://www.freecodecamp.org/news/how-to-make-your-html-responsive-by-adding-a-single-line-of-css-2a62de81e431/"" target=""_blank"" rel=""noopener"">How to make your HTML responsive by adding a single line of CSS</a></p>
</li>
</ul>
<h2>Questions?</h2>
Ask on <a href=""https://app.slack.com/client/TP3DU1WRZ/G01CZERLTAT"" target=""_blank"" rel=""noopener noreferrer"">Slack</a> or write your question down here:

<iframe src=""https://docs.google.com/forms/d/e/1FAIpQLSevsd8ewW3D4lVjL6oD7RXhAN9gLxGZGmGWJSkjKQdEdp6K9Q/viewform?embedded=true"" width=""640"" height=""716"" frameborder=""0"" marginwidth=""0"" marginheight=""0"">Loading…</iframe>",???,web,???,40,***
Flexbox,???,Diving deeper ,???,"<h2>Video</h2>
<video class=""course-video"" controls=""controls"" width=""300"" height=""150""><span style=""display: inline-block; width: 0px; overflow: hidden; line-height: 0;"" data-mce-type=""bookmark"" class=""mce_SELRES_start"">﻿</span>
<source src=""https://mltcwebdev.s3-eu-west-1.amazonaws.com/web-dev-2/WD2_14_Flexbox.mov"" type=""video/quicktime"" />
<span style=""display: inline-block; width: 0px; overflow: hidden; line-height: 0;"" data-mce-type=""bookmark"" class=""mce_SELRES_start"">﻿</span><source src=""https://mltcwebdev.s3-eu-west-1.amazonaws.com/web-dev-2/WD2_14_Flexbox.mp4"" type=""video/mp4"" /><span style=""display: inline-block; width: 0px; overflow: hidden; line-height: 0;"" data-mce-type=""bookmark"" class=""mce_SELRES_end"">﻿</span>
</video>
<h2>Presentation</h2>
<iframe src=""https://docs.google.com/presentation/d/e/2PACX-1vRt9tC_cMnvO1sF1PMVCGjHP_4IRwJMEDyceiFlLqNERTyo_TDCBljud_IvDDr6-7MTpybpxzX7Ve1S/embed?start=false&amp;loop=false&amp;delayms=3000"" width=""600"" height=""360"" frameborder=""0"" allowfullscreen=""allowfullscreen""></iframe>
<h2>Resources</h2>
Here are the codepens from this video:
<ul>
 	<li><a href=""https://codepen.io/hhar/pen/ExNZweG?editors=1100"" target=""_blank"" rel=""noopener"">Flexbox exercise</a></li>
 	<li><a href=""https://codepen.io/hhar/pen/jOVLxqY?editors=1100"">Justify content</a></li>
 	<li><a href=""https://codepen.io/hhar/pen/rNWGdZY?editors=1100"" target=""_blank"" rel=""noopener"">Align items</a></li>
</ul>
<h2>Your tasks</h2>
<ol>
 	<li>A fun way how to understand flexbox better is to play the <a href=""http://flexboxfroggy.com/"">Flexbox Froggy</a></li>
 	<li>Identify if there are some layout elements where you’d use flexbox.</li>
</ol>
<h2>Additional resources</h2>
Here's a <a href=""https://css-tricks.com/snippets/css/a-guide-to-flexbox/"" target=""_blank"" rel=""noopener"">guide to Flexbox</a> and an article about <a href=""https://developer.mozilla.org/en-US/docs/Learn/CSS/CSS_layout/Flexbox"">Flexbox on MDN.</a>

If you'd be interested more about browser compatibility, here are selected resources:
<ul>
 	<li><a href=""https://caniuse.com/flexbox"">Check which browsers and their versions support flexbox</a></li>
 	<li><a href=""https://developer.mozilla.org/en-US/docs/Web/CSS/CSS_Flexible_Box_Layout/Backwards_Compatibility_of_Flexbox"">Read about browser compatibility</a></li>
 	<li><a href=""https://github.com/philipwalton/flexbugs"">Current issues and workarounds</a></li>
</ul>
<h2>Questions?</h2>
Ask on <a href=""https://app.slack.com/client/TP3DU1WRZ/G01CZERLTAT"" target=""_blank"" rel=""noopener noreferrer"">Slack</a> or write your question down here:

<iframe src=""https://docs.google.com/forms/d/e/1FAIpQLSevsd8ewW3D4lVjL6oD7RXhAN9gLxGZGmGWJSkjKQdEdp6K9Q/viewform?embedded=true"" width=""640"" height=""716"" frameborder=""0"" marginwidth=""0"" marginheight=""0"">Loading…</iframe>",???,web,???,41,***
Centering an element,???,Diving deeper ,???,"<h2>Video</h2>
<video class=""course-video"" controls=""controls"" width=""300"" height=""150""><span style=""display: inline-block; width: 0px; overflow: hidden; line-height: 0;"" data-mce-type=""bookmark"" class=""mce_SELRES_start"">﻿</span>
<source src=""https://mltcwebdev.s3-eu-west-1.amazonaws.com/web-dev-2/WD2_15_Centering.mov"" type=""video/quicktime"" />
<span style=""display: inline-block; width: 0px; overflow: hidden; line-height: 0;"" data-mce-type=""bookmark"" class=""mce_SELRES_start"">﻿</span><source src=""https://mltcwebdev.s3-eu-west-1.amazonaws.com/web-dev-2/WD2_15_Centering.mp4"" type=""video/mp4"" /><span style=""display: inline-block; width: 0px; overflow: hidden; line-height: 0;"" data-mce-type=""bookmark"" class=""mce_SELRES_end"">﻿</span>
</video>
<h2>Presentation</h2>
<iframe src=""https://docs.google.com/presentation/d/e/2PACX-1vQbKKwtdux2YmI2K-ilRRp45DUb7okSlv1iADISp7VEqNRS3UlzqI4g4dmFfY7fyYddadZKDEAuDwFZ/embed?start=false&amp;loop=false&amp;delayms=3000"" width=""600"" height=""360"" frameborder=""0"" allowfullscreen=""allowfullscreen""></iframe>
<h2>Resources</h2>
Here are <a href=""https://codepen.io/hhar/pen/mdOxrxv?editors=1100"" target=""_blank"" rel=""noopener"">the codepen from this video.</a>
<h2>Your tasks</h2>
<ol>
 	<li>Which approach would you use for the different elements of your design?</li>
 	<li>Celebrate your big milestone, you just made it through the first two parts of the course! Let's get ready to build our next website ;)</li>
</ol>
<h2>Questions?</h2>
Ask on <a href=""https://app.slack.com/client/TP3DU1WRZ/G01CZERLTAT"" target=""_blank"" rel=""noopener noreferrer"">Slack</a> or write your question down here:

<iframe src=""https://docs.google.com/forms/d/e/1FAIpQLSevsd8ewW3D4lVjL6oD7RXhAN9gLxGZGmGWJSkjKQdEdp6K9Q/viewform?embedded=true"" width=""640"" height=""716"" frameborder=""0"" marginwidth=""0"" marginheight=""0"">Loading…</iframe>",???,web,???,42,***
Bootstrap - Introduction,???,Bootstrap,???,"<h2>Video</h2>
<video class=""course-video"" controls=""controls"" width=""300"" height=""150""><span style=""display: inline-block; width: 0px; overflow: hidden; line-height: 0;"" data-mce-type=""bookmark"" class=""mce_SELRES_start"">﻿</span>
<source src=""https://mltcwebdev.s3-eu-west-1.amazonaws.com/web-dev-3/WD3_01_Introduction_Bootstrap.mov"" type=""video/quicktime"" />
<span style=""display: inline-block; width: 0px; overflow: hidden; line-height: 0;"" data-mce-type=""bookmark"" class=""mce_SELRES_start"">﻿</span><source src=""https://mltcwebdev.s3-eu-west-1.amazonaws.com/web-dev-3/WD3_01_Introduction_Bootstrap.mp4"" type=""video/mp4"" /><span style=""display: inline-block; width: 0px; overflow: hidden; line-height: 0;"" data-mce-type=""bookmark"" class=""mce_SELRES_end"">﻿</span>
</video>
<h2>Presentation</h2>
<iframe src=""https://docs.google.com/presentation/d/e/2PACX-1vSVAJgdbVhLs-5rfLo9zDLM1tNYGQ246yfZMv3sNNbDG0R6Cqy9HcXyWM3HoY_BRMRz4eLKHjdeJOWb/embed?start=false&amp;loop=false&amp;delayms=3000"" width=""600"" height=""360"" frameborder=""0"" allowfullscreen=""allowfullscreen""></iframe>
<h2>Resources</h2>
Here's the link to <a href=""https://getbootstrap.com/"" target=""_blank"" rel=""noopener"">Bootstrap</a>.
<h2>Your tasks</h2>
<ol>
 	<li>Go to the bootstrap website and look at some <a href=""https://getbootstrap.com/docs/5.0/components"" target=""_blank"" rel=""noopener"">components</a>.</li>
 	<li>Create a new index.html file with the <a href=""https://getbootstrap.com/docs/5.0/getting-started/introduction/#starter-template"" target=""_blank"" rel=""noopener"">Bootstrap boilerplate</a>, as we did in the video.</li>
</ol>
<h2>Questions?</h2>
Ask on <a href=""https://app.slack.com/client/TP3DU1WRZ/G01CZERLTAT"" target=""_blank"" rel=""noopener noreferrer"">Slack</a>.",???,web,???,43,***
Containers and Layout,???,Bootstrap,???,"<h2>Video</h2>
<video class=""course-video"" controls=""controls"" width=""300"" height=""150""><span style=""display: inline-block; width: 0px; overflow: hidden; line-height: 0;"" data-mce-type=""bookmark"" class=""mce_SELRES_start"">﻿</span>
<source src=""https://mltcwebdev.s3-eu-west-1.amazonaws.com/web-dev-3/WD3_02_Containers_and_Layout.mov"" type=""video/quicktime"" />
<span style=""display: inline-block; width: 0px; overflow: hidden; line-height: 0;"" data-mce-type=""bookmark"" class=""mce_SELRES_start"">﻿</span><source src=""https://mltcwebdev.s3-eu-west-1.amazonaws.com/web-dev-3/WD3_02_Containers_and_Layout.mp4"" type=""video/mp4"" /><span style=""display: inline-block; width: 0px; overflow: hidden; line-height: 0;"" data-mce-type=""bookmark"" class=""mce_SELRES_end"">﻿</span>
</video>
<h2>Presentation</h2>
<iframe src=""https://docs.google.com/presentation/d/e/2PACX-1vT_d_q23qZW8L33APNLGYJj5VEf3HCRevCV64sG_HZEL0htaMxoYsNgmFhr3HM6fQXxjYpgb45A8mMw/embed?start=false&amp;loop=false&amp;delayms=3000"" width=""600"" height=""360"" frameborder=""0"" allowfullscreen=""allowfullscreen""></iframe>
<h2>Resources</h2>
Link to the <a href=""https://www.codeply.com/p/CvWVvxcDjk"" target=""_blank"" rel=""noopener"">Codeply</a> from the video.
<h2>Your tasks</h2>
<ol>
 	<li>Go to <a href=""https://www.codeply.com"" target=""_blank"" rel=""noopener"">Codeply</a> and create various layouts with the <a href=""https://getbootstrap.com/docs/5.0/layout/grid/"" target=""_blank"" rel=""noopener"">bootstrap grid system</a>. Use breakpoints for different screens.</li>
 	<li>Add Bootstrap containers (fluid a with fixed with) to the new bootstrap playground website, as I did in the video.</li>
</ol>
<h2>Questions?</h2>
Ask on <a href=""https://app.slack.com/client/TP3DU1WRZ/G01CZERLTAT"" target=""_blank"" rel=""noopener noreferrer"">Slack</a>.",???,web,???,44,***
Buttons,???,Bootstrap,???,"<h2>Video</h2>
<video class=""course-video"" controls=""controls"" width=""300"" height=""150""><span style=""display: inline-block; width: 0px; overflow: hidden; line-height: 0;"" data-mce-type=""bookmark"" class=""mce_SELRES_start"">﻿</span>
<source src=""https://mltcwebdev.s3-eu-west-1.amazonaws.com/web-dev-3/WD3_03_Buttons.mov"" type=""video/quicktime"" />
<span style=""display: inline-block; width: 0px; overflow: hidden; line-height: 0;"" data-mce-type=""bookmark"" class=""mce_SELRES_start"">﻿</span><source src=""https://mltcwebdev.s3-eu-west-1.amazonaws.com/web-dev-3/WD3_03_Buttons.mp4"" type=""video/mp4"" /><span style=""display: inline-block; width: 0px; overflow: hidden; line-height: 0;"" data-mce-type=""bookmark"" class=""mce_SELRES_end"">﻿</span>
</video>
<h2>Presentation</h2>
<iframe src=""https://docs.google.com/presentation/d/e/2PACX-1vTo9MM2RNtmznJHnqvOFcXTlNAkuhwtoxNa3kAcjsb0r-ZqafFsp_cuZmznsuBM0LmqYWLIj4JOMUap/embed?start=false&amp;loop=false&amp;delayms=3000"" width=""600"" height=""360"" frameborder=""0"" allowfullscreen=""allowfullscreen""></iframe>
<h2>Resources</h2>
Bootstrap <a href=""https://getbootstrap.com/docs/5.0/components/buttons/"" target=""_blank"" rel=""noopener"">buttons documentation</a>.
<h2>Your tasks</h2>
<ol>
 	<li>Let’s go to your website and let’s add some buttons.</li>
 	<li>Combine the Bootstrap classes with your own classes to style the buttons.</li>
</ol>
<h2>Questions?</h2>
Ask on <a href=""https://app.slack.com/client/TP3DU1WRZ/G01CZERLTAT"" target=""_blank"" rel=""noopener noreferrer"">Slack</a>.",???,web,???,45,***
Hero part,???,Bootstrap,???,"<h2>Video</h2>
<video class=""course-video"" controls=""controls"" width=""300"" height=""150""><span style=""display: inline-block; width: 0px; overflow: hidden; line-height: 0;"" data-mce-type=""bookmark"" class=""mce_SELRES_start"">﻿</span>
<source src=""https://mltcwebdev.s3-eu-west-1.amazonaws.com/web-dev-3/WD3_04_Jumbotron.mov"" type=""video/quicktime"" />
<span style=""display: inline-block; width: 0px; overflow: hidden; line-height: 0;"" data-mce-type=""bookmark"" class=""mce_SELRES_start"">﻿</span><source src=""https://mltcwebdev.s3-eu-west-1.amazonaws.com/web-dev-3/WD3_04_Jumbotron.mp4"" type=""video/mp4"" /><span style=""display: inline-block; width: 0px; overflow: hidden; line-height: 0;"" data-mce-type=""bookmark"" class=""mce_SELRES_end"">﻿</span>
</video>
<h2>Presentation</h2>
<iframe src=""https://docs.google.com/presentation/d/e/2PACX-1vSvTHMfyjZFhbiPkHDe3WnFImBVg4bjwQfYzM43AeDQkjobUaR3_jwFc4-xEU2txNcZpzfJl-6EGJdG/embed?start=false&amp;loop=false&amp;delayms=3000"" width=""600"" height=""360"" frameborder=""0"" allowfullscreen=""allowfullscreen""></iframe>
<h2>Resources</h2>
<ul>
 	<li><a href=""https://getbootstrap.com/docs/5.0/utilities/flex/"" target=""_blank"" rel=""noopener"">Flexbox classes</a></li>
 	<li><a href=""https://getbootstrap.com/docs/5.0/utilities/sizing/"" target=""_blank"" rel=""noopener"">Sizing with Bootstrap</a></li>
</ul>
<h2>Your tasks</h2>
<ol>
 	<li>Draw the hero part of your website. Which elements will there be, how will they be positioned?</li>
 	<li>Add that hero part to your website. Which classes do you need? Do you need flexbox or just center the text?</li>
</ol>
<h2>Questions?</h2>
Ask on <a href=""https://app.slack.com/client/TP3DU1WRZ/G01CZERLTAT"" target=""_blank"" rel=""noopener noreferrer"">Slack</a>.",???,web,???,46,***
Navigation,???,Bootstrap,???,"<h2>Video</h2>
<video class=""course-video"" controls=""controls"" width=""300"" height=""150""><span style=""display: inline-block; width: 0px; overflow: hidden; line-height: 0;"" data-mce-type=""bookmark"" class=""mce_SELRES_start"">﻿</span>
<source src=""https://mltcwebdev.s3-eu-west-1.amazonaws.com/web-dev-3/WD3_05_Navbar.mov"" type=""video/quicktime"" />
<span style=""display: inline-block; width: 0px; overflow: hidden; line-height: 0;"" data-mce-type=""bookmark"" class=""mce_SELRES_start"">﻿</span><source src=""https://mltcwebdev.s3-eu-west-1.amazonaws.com/web-dev-3/WD3_05_Navbar.mp4"" type=""video/mp4"" /><span style=""display: inline-block; width: 0px; overflow: hidden; line-height: 0;"" data-mce-type=""bookmark"" class=""mce_SELRES_end"">﻿</span>
</video>
<h2>Presentation</h2>
<iframe src=""https://docs.google.com/presentation/d/e/2PACX-1vRMtwa8XX4-GhG-8gcpz0dYlVX3Ehr8GAtJ87WAEToWXJ-ISZOrOXrSoBVEzQcYfGVLpMhzlqn3EP_8/embed?start=false&amp;loop=false&amp;delayms=3000"" width=""600"" height=""360"" frameborder=""0"" allowfullscreen=""allowfullscreen""><span style=""display: inline-block; width: 0px; overflow: hidden; line-height: 0;"" data-mce-type=""bookmark"" class=""mce_SELRES_start"">﻿</span></iframe>
<h2>Resources</h2>
<ul>
 	<li><a href=""https://getbootstrap.com/docs/5.0/components/navs-tabs/"" target=""_blank"" rel=""noopener"">Navs</a></li>
 	<li><a href=""https://getbootstrap.com/docs/5.0/components/navbar/"" target=""_blank"" rel=""noopener"">Navbar</a></li>
 	<li aria-level=""1""><a href=""https://getbootstrap.com/docs/5.0/components/navbar/#color-schemes"">Color schemes</a></li>
 	<li aria-level=""1""><a href=""https://getbootstrap.com/docs/5.0/components/navbar/#responsive-behaviors"">Collapsing the navbar</a></li>
 	<li aria-level=""1""><a href=""https://getbootstrap.com/docs/5.0/components/navbar/#supported-content"">Dropdown</a></li>
 	<li aria-level=""1""><a href=""https://getbootstrap.com/docs/5.0/components/navbar/#placement"">Fixing to top or bottom</a></li>
</ul>
<h2>Your tasks</h2>
Let’s go to your website and add a navbar you like. Does it have a dropdown? Toggle?
<h2>Questions?</h2>
Ask on <a href=""https://app.slack.com/client/TP3DU1WRZ/G01CZERLTAT"" target=""_blank"" rel=""noopener noreferrer"">Slack</a>.",???,web,???,47,***
Images,???,Bootstrap,???,"<h2>Video</h2>
<video class=""course-video"" controls=""controls"" width=""300"" height=""150""><span style=""display: inline-block; width: 0px; overflow: hidden; line-height: 0;"" data-mce-type=""bookmark"" class=""mce_SELRES_start"">﻿</span>
<source src=""https://mltcwebdev.s3-eu-west-1.amazonaws.com/web-dev-3/WD3_06_Images.mov"" type=""video/quicktime"" />
<span style=""display: inline-block; width: 0px; overflow: hidden; line-height: 0;"" data-mce-type=""bookmark"" class=""mce_SELRES_start"">﻿</span><source src=""https://mltcwebdev.s3-eu-west-1.amazonaws.com/web-dev-3/WD3_06_Images.mp4"" type=""video/mp4"" /><span style=""display: inline-block; width: 0px; overflow: hidden; line-height: 0;"" data-mce-type=""bookmark"" class=""mce_SELRES_end"">﻿</span>
</video>
<h2>Presentation</h2>
<iframe src=""https://docs.google.com/presentation/d/e/2PACX-1vR4FY3D1BfhF_gufnH4LwqNUAKKzdIszkX6P3fGILdhDbbgWCuR1lQWdYGMvP3BR4-sIYg9ZlK3xLeo/embed?start=false&amp;loop=false&amp;delayms=3000"" width=""600"" height=""360"" frameborder=""0"" allowfullscreen=""allowfullscreen""><span style=""display: inline-block; width: 0px; overflow: hidden; line-height: 0;"" data-mce-type=""bookmark"" class=""mce_SELRES_start"">﻿</span></iframe>
<h2>Resources</h2>
<ul>
 	<li><a href=""https://getbootstrap.com/docs/5.0/content/images/"" target=""_blank"" rel=""noopener"">Images</a></li>
 	<li><a href=""https://getbootstrap.com/docs/5.0/utilities/borders/"" target=""_blank"" rel=""noopener"">Borders</a></li>
</ul>
<h2>Your tasks</h2>
Add a full-width image, smaller images and use different borders/border-radius.
<h2>Questions?</h2>
Ask on <a href=""https://app.slack.com/client/TP3DU1WRZ/G01CZERLTAT"" target=""_blank"" rel=""noopener noreferrer"">Slack</a>.",???,web,???,48,***
Cards and Carrousels,???,Bootstrap,???,"<h2>Video</h2>
<video class=""course-video"" controls=""controls"" width=""300"" height=""150""><span style=""display: inline-block; width: 0px; overflow: hidden; line-height: 0;"" data-mce-type=""bookmark"" class=""mce_SELRES_start"">﻿</span>
<source src=""https://mltcwebdev.s3-eu-west-1.amazonaws.com/web-dev-3/WD3_07_Cards_Carrousel.mov"" type=""video/quicktime"" />
<span style=""display: inline-block; width: 0px; overflow: hidden; line-height: 0;"" data-mce-type=""bookmark"" class=""mce_SELRES_start"">﻿</span><source src=""https://mltcwebdev.s3-eu-west-1.amazonaws.com/web-dev-3/WD3_07_Cards_Carrousel.mp4"" type=""video/mp4"" /><span style=""display: inline-block; width: 0px; overflow: hidden; line-height: 0;"" data-mce-type=""bookmark"" class=""mce_SELRES_end"">﻿</span>
</video>
<h2>Presentation</h2>
<iframe src=""https://docs.google.com/presentation/d/e/2PACX-1vQPmH0Ps5zq8-JnaXXnRlGouBTwNQNaPyyR1CIhLwk-nQICTW-bfsgIvZF0VaSfGthp-btFcKn6iBzI/embed?start=false&amp;loop=false&amp;delayms=3000"" width=""600"" height=""360"" frameborder=""0"" allowfullscreen=""allowfullscreen""><span style=""display: inline-block; width: 0px; overflow: hidden; line-height: 0;"" data-mce-type=""bookmark"" class=""mce_SELRES_start"">﻿</span></iframe>
<h2>Resources</h2>
<ul>
 	<li><a href=""https://getbootstrap.com/docs/5.0/components/card/"" target=""_blank"" rel=""noopener"">Cards</a></li>
 	<li><a href=""https://getbootstrap.com/docs/5.0/components/carousel/"" target=""_blank"" rel=""noopener"">Carousel</a></li>
</ul>
<h2>Your tasks</h2>
<ol>
 	<li>Add a two different types of cards to your bootstrap website</li>
 	<li>Add carousel - slider which fits your needs</li>
</ol>
<h2>Questions?</h2>
Ask on <a href=""https://app.slack.com/client/TP3DU1WRZ/G01CZERLTAT"" target=""_blank"" rel=""noopener noreferrer"">Slack</a>.",???,web,???,49,***